Pathological_type,Pancreatic,Pancreatic,Pancreatic,Pancreatic,Pancreatic,Pancreatic,Pancreatic,Pancreatic,Pancreatic,Pancreatic,Pancreatic,Pancreatic,Pancreatic,Pancreatic,Pancreatic,Pancreatic,Pancreatic,Pancreatic,Pancreatic,Rectal,Rectal,Rectal,Rectal,Rectal,Rectal
hsa-miR-487b(1),-10.83635882,-8.786433755,-9.591307858,-11.52855655,-12.82193638,-13.6704139,-16.44614174,-13.92034131,-10.51679244,-10.49077413,-13.16750644,-14.59171857,-11.16948889,-13.29349473,-11.60613718,-11.48288232,-9.699233991,-11.71807061,-15.00083123,-16.73150371,-17.39800522,-18.20038533,-18.93880014,-18.41051783,-29.89735285
hsa-miR-323b(1),-13.58107132,-11.84509261,-12.66309675,-16.63731543,-16.8373325,-16.22007366,-20.60964047,-11.45985272,-12.04880938,-11.02128862,-13.18629089,-14.17668107,-11.39188242,-15.99610882,-12.04103676,-13.42377393,-11.22847825,-14.96809445,-16.58107132,-29.89735285,-20.2038659,-20.01013224,-19.52014232,-19.99648605,-29.89735285
hsa-miR-485-5p(1),-10.79083847,-10.58465156,-9.92245798,-13.00773007,-14.22559067,-12.02106974,-18.60964047,-12.11193232,-11.40028069,-10.33876959,-14.75764164,-14.17668107,-14.27621674,-15.40800661,-15.03432814,-12.75797138,-11.50977302,-11.87853328,-15.77776323,-17.40800661,-17.5039624,-18.59243118,-29.89735285,-19.99648605,-18.46168259
hsa-miR-375(1),-1.330099016,-2.929416567,-2.97491972,-2.788447852,-3.561219913,-2.57428902,-2.269756721,-2.234973898,-3.850726606,-3.355688853,-3.016562682,-3.258097636,-1.610230996,-3.589035317,-3.345689471,-2.053545026,-2.337248748,-1.555016927,-2.832206344,-3.166679968,-0.833014014,-3.120523151,-0.688538273,-0.84214362,-1.082430186
hsa-miR-504(1),-18.99799593,-16.55305695,-19.28080401,-16.05382432,-19.33702002,-17.80724043,-17.78100889,-29.89735285,-14.67229608,-15.03917754,-16.56699614,-16.17668107,-13.97737226,-15.40800661,-13.11302474,-29.89735285,-16.65805268,-15.96809445,-13.97040831,-14.8483552,-12.75299334,-13.2000323,-11.46991314,-11.35296567,-12.05445011
hsa-miR-409-5p(1),-12.10887666,-10.72655246,-10.04658762,-13.59350077,-14.99610882,-14.60603824,-17.86461833,-12.91927926,-10.90070835,-10.61967043,-13.74967093,-14.36780029,-12.24892505,-13.29349473,-13.34810966,-12.42010053,-11.94390663,-11.32214232,-13.97040831,-17.27164401,-16.61977485,-20.01013224,-29.89735285,-29.89735285,-17.4590808
hsa-miR-323a(1),-12.85558677,-10.42356388,-10.04898971,-14.02227548,-15.34060733,-16.53925115,-20.12421365,-13.92034131,-10.71136439,-10.34991039,-13.53410784,-14.17668107,-12.09419924,-14.67229608,-12.14038614,-13.93382454,-10.00704849,-13.38159143,-15.58816075,-20.72993471,-18.20473735,-20.01013224,-19.52014232,-19.99648605,-17.87498504
hsa-miR-429(1),-10.21075487,-9.542329817,-9.325067118,-9.618882977,-9.516630752,-11.43610524,-8.411705808,-8.544244806,-7.981170145,-9.113210083,-8.491186264,-9.876541069,-9.360294692,-9.538716676,-9.331125969,-7.705553835,-7.080949808,-8.498392628,-8.872935491,-7.049409683,-7.555567209,-7.098572967,-7.989555942,-6.900105653,-6.55204196
hsa-miR-432(1),-9.726072196,-8.265284197,-7.410916007,-11.06722764,-13.4902843,-14.24787212,-17.47213695,-9.334321411,-9.4253701,-8.88135803,-13.95887592,-14.17668107,-11.71005878,-14.18740747,-11.93895873,-11.03763306,-9.088526118,-10.41140958,-14.8314319,-15.11394531,-17.8819378,-17.2025597,-18.93880014,-17.41303343,-15.06862132
hsa-miR-410(1),-13.28426845,-11.06996363,-10.67418308,-13.52898281,-15.14497221,-16.67003775,-19.54200176,-10.52696769,-10.11870779,-10.74642801,-13.08885367,-13.71627826,-11.43768511,-12.90658408,-11.22671735,-10.6494462,-9.629170686,-10.41140958,-16.58107132,-17.14497221,-17.74570202,-17.46428909,-20.52448779,-19.41555342,-29.89735285
hsa-miR-433(1),-11.65785688,-9.830571217,-7.926869157,-12.35167944,-14.56699614,-15.37697972,-18.8006377,-11.21884555,-11.8488713,-10.50315605,-15.81886844,-15.17668107,-13.51709473,-15.99610882,-13.57577702,-13.16633884,-11.96874195,-12.79607474,-14.94061371,-18.41051783,-18.39551567,-17.84071514,-18.93880014,-18.41051783,-18.13663291
hsa-miR-196b(1),-17.86461833,-17.51472883,-29.89735285,-18.63878682,-20.9258093,-15.48531234,-17.32512634,-29.89735285,-14.17134762,-29.89735285,-21.02698813,-29.89735285,-15.65358382,-29.89735285,-16.75205752,-18.60388121,-18.3806679,-14.96809445,-29.89735285,-10.93783761,-11.58123929,-12.33612458,-15.61687204,-13.68934717,-10.83357071
hsa-miR-329(2),-14.58107132,-13.03486078,-12.67789124,-15.4655941,-16.47213695,-17.32275933,-19.93156857,-12.59735787,-11.90070835,-12.11321008,-14.83564415,-14.95428865,-15.17134762,-13.67229608,-12.84129733,-15.68364106,-12.00513617,-14.38005255,-14.77776323,-18.72993471,-21.2038659,-20.01013224,-17.06564975,-17.67455795,-17.65358382
hsa-miR-1301(1),-10.91698731,-12.8834741,-9.360435982,-11.67708318,-15.34060733,-10.30622684,-12.36650458,-10.83182102,-11.57175753,-12.90170714,-11.52763624,-13.00583019,-10.22195569,-13.53410784,-11.22469617,-11.57034413,-14.75365078,-10.57368012,-11.72748167,-16.33463343,-16.74411752,-13.83564415,-16.27621674,-16.60964047,-15.87845723
hsa-miR-654(1),-14.78589111,-11.54474038,-13.02988105,-14.77776323,-13.4655941,-17.54475762,-18.76164357,-12.91927926,-10.80704915,-11.02128862,-13.30366995,-12.26885747,-10.87881035,-11.78459266,-11.6817298,-13.05753396,-9.516789271,-11.57368232,-13.0776727,-15.05873981,-16.34660607,-16.51202968,-17.52557621,-16.3586789,-17.4590808
hsa-miR-137(1),-14.5154044,-17.91364666,-12.47045752,-13.82933038,-14.5154044,-14.43012942,-7.847438182,-29.89735285,-8.719101367,-29.89735285,-18.21787275,-13.08828816,-29.89735285,-15.99610882,-14.29639462,-16.34660607,-8.625124035,-14.96809445,-17.58674007,-8.728792129,-8.997191396,-8.741960802,-9.04844954,-8.741792183,-8.673319963
hsa-miR-382-5p(1),-9.86478646,-9.413964133,-9.709852167,-11.97887391,-12.13081101,-12.40849282,-17.34660607,-10.67135704,-9.506715746,-9.806549085,-14.38313194,-12.42085978,-11.51741189,-12.82412131,-11.94892858,-10.14571727,-11.39593159,-9.68059634,-12.35664208,-16.08357166,-16.49860916,-16.19821423,-19.52014232,-16.24226941,-14.25068165
hsa-miR-377(1),-12.93517982,-10.87155362,-11.55670731,-13.09791944,-12.37448019,-16.13455559,-16.60964047,-10.74935798,-10.1238337,-10.08501414,-12.85556538,-13.26886459,-11.2086586,-13.08715781,-12.65836042,-9.807657989,-9.243331376,-11.71807061,-13.24561441,-13.42694818,-15.81055317,-15.89594466,-20.52448779,-17.2969753,-16.28771238
hsa-miR-1185-1-3p(1),-14.45259676,-13.01465011,-10.91148591,-15.24226941,-16.06367211,-16.67003775,-18.60964047,-15.92257979,-13.1085071,-14.19010158,-13.7221152,-17.17668107,-12.99956647,-14.67229608,-14.27621674,-13.02702426,-10.91048866,-15.38313194,-17.2625418,-17.92437307,-18.39551567,-19.13248126,-29.89735285,-29.89735285,-16.65209727
hsa-miR-128(2),-11.53856002,-11.30447613,-10.68909468,-9.852447839,-13.03648411,-10.7075283,-10.90975575,-12.59735787,-10.6000492,-11.90170714,-9.945338267,-11.74948712,-10.46904789,-12.08715153,-10.37849419,-10.35519571,-10.9252958,-11.96599782,-10.59110867,-9.457108189,-10.12405425,-11.10213757,-8.887212704,-8.234646237,-9.551197337
hsa-miR-192(1),-10.09527673,-10.54948498,-9.039403741,-10.25553923,-6.794414427,-11.04345854,-5.514084289,-7.080080494,-6.17977547,-8.525087703,-5.462292814,-7.373233004,-7.124314084,-6.909235437,-6.530716477,-7.33060012,-6.694756241,-6.849654284,-4.514712371,-4.707485211,-5.391852918,-6.089562832,-5.677795894,-5.50096581,-5.101367922
hsa-miR-539(1),-15.29930035,-13.26326503,-12.64845243,-16.05382432,-16.06367211,-17.54475762,-19.23557476,-13.92034131,-12.97285347,-12.71727859,-14.20637275,-29.89735285,-14.16868828,-16.99422418,-13.48696776,-14.07110231,-11.12948524,-15.96809445,-18.00177757,-20.72993471,-19.20038533,-20.01013224,-29.89735285,-20.99648605,-17.87498504
hsa-miR-127(1),-6.408901837,-5.944243617,-6.113844395,-7.969971647,-9.068411408,-11.27161191,-13.66853416,-7.191363861,-6.934642147,-5.679460293,-9.662997329,-9.985924291,-8.207005689,-9.307543548,-9.28736978,-7.032888966,-5.65745006,-7.161867069,-8.795928534,-11.06556936,-10.6098817,-12.97978264,-15.00083123,-13.04844878,-9.388127786
hsa-miR-494(1),-14.59528518,-11.79160289,-11.04898971,-15.31685873,-13.82723191,-16.53925115,-17.57542476,-13.33463343,-12.25825949,-12.19121437,-14.77776323,-17.17668107,-13.97737226,-14.40800661,-14.60603824,-13.22054179,-11.83434757,-14.96809445,-16.77776323,-16.64321001,-18.62122845,-18.50933557,-20.52448779,-19.41555342,-15.87845723
hsa-miR-134(1),-10.48005864,-10.0593154,-10.19034599,-11.67129822,-11.33838663,-11.720201,-16.63731543,-9.59735563,-9.564773185,-9.934873362,-13.48696776,-11.92782018,-10.46904789,-11.60172739,-11.22975271,-9.865175261,-9.599743572,-9.737179821,-13.37544575,-13.911422,-15.53239748,-15.38313194,-18.20473735,-15.67606784,-12.88973422
hsa-miR-411(1),-13.29494395,-10.07090057,-11.29481346,-13.75365078,-11.80369287,-16.53925115,-17.15125847,-11.91928484,-10.24145183,-8.88135803,-12.7447214,-11.65218549,-11.56745143,-11.53461279,-11.53430894,-11.49535258,-9.025384466,-11.38103724,-14.37697972,-14.07358757,-15.87845723,-16.24226941,-20.52448779,-16.82723191,-15.28771238
hsa-miR-136-5p(1),-11.68656738,-10.14665404,-11.73091513,-12.26204568,-11.66078269,-17.13040991,-15.89594466,-10.21884384,-8.690303968,-8.955996416,-12.93272996,-10.66795429,-11.43768511,-10.13606297,-11.77179308,-10.3984647,-8.886007514,-8.796073459,-12.08561442,-11.85132131,-14.90034984,-14.41114632,-18.93880014,-14.63878682,-14.05137284
hsa-miR-424(1),-13.40487372,-11.87038642,-14.81886844,-13.09791944,-12.38607119,-13.80848182,-13.33314381,-11.74935798,-10.82363229,-10.80655038,-12.00868094,-12.26885747,-11.11886178,-11.01676489,-10.25478989,-12.51004229,-13.82933038,-12.05910915,-11.41053747,-13.17632044,-14.33463343,-14.66853416,-15.87845723,-15.63878682,-15.87845723
hsa-miR-369(1),-13.82304411,-11.2360201,-12.3352968,-13.88280926,-14.26765473,-15.95887592,-19.76806984,-11.01239238,-10.81531559,-10.74642801,-13.06548897,-15.17668107,-11.55057944,-13.18669438,-11.96401951,-10.89103499,-8.779366133,-12.15864042,-15.26481198,-13.8126275,-17.2969753,-16.59528518,-20.52448779,-18.99799593,-15.99610882
hsa-miR-200b(1),-7.446549117,-6.99614142,-6.752329213,-6.374254099,-6.335224114,-8.110871431,-6.391612642,-6.7418646,-7.158037827,-7.351309295,-7.247001174,-7.685901486,-7.446115326,-7.351089515,-7.564177299,-6.879905713,-5.593289577,-6.831571889,-7.090024467,-5.03446606,-6.643802955,-6.348167367,-6.294800094,-5.777772177,-6.321678126
hsa-miR-23b(1),-7.923982349,-6.502605873,-7.758663575,-7.848160714,-7.451076731,-7.300267125,-8.017872059,-9.790001666,-8.556953427,-7.672887713,-8.520794476,-7.750533435,-7.82646149,-7.975843478,-7.206138614,-10.35630541,-9.249244591,-8.187921071,-7.362969222,-10.49548795,-10.72240523,-8.208998804,-9.757425599,-9.860470949,-10.59695337
hsa-miR-889(1),-14.8483552,-11.93754897,-12.57737209,-15.38931052,-16.47213695,-16.67003775,-20.23201694,-12.91927926,-12.12897466,-11.90170714,-14.39551567,-17.17668107,-13.22196086,-15.99610882,-13.1897915,-11.4664185,-10.59630328,-13.15864042,-17.2625418,-15.68364106,-17.39800522,-18.59243118,-19.52014232,-29.89735285,-29.89735285
hsa-miR-431-5p(1),-17.32275933,-14.71433785,-11.73864949,-16.63731543,-18.34180508,-18.54200176,-21.34660607,-12.59735787,-13.73386041,-17.36110564,-12.4824612,-17.17668107,-15.38931052,-29.89735285,-13.69507595,-16.12421365,-9.593782785,-13.64431793,-15.99610882,-19.14916,-20.2038659,-21.59357211,-29.89735285,-19.41555342,-29.89735285
hsa-miR-381(1),-12.84341637,-8.737679193,-11.59130897,-13.48696776,-10.22652202,-14.01987699,-16.39551567,-11.01239238,-7.509228592,-9.442274517,-12.24740907,-11.44782936,-9.822025177,-10.32161789,-10.40227663,-8.458763009,-8.756486271,-9.756544298,-12.97075571,-12.03741775,-15.84410573,-15.4655941,-18.93880014,-16.91008884,-14.11907034
hsa-miR-200a(1),-7.818374679,-7.163011417,-7.6058252,-7.082374219,-7.084399227,-8.793739759,-6.053052229,-6.070661236,-6.473351149,-6.716831,-7.009943309,-7.365981389,-6.798907068,-6.796827015,-6.992099728,-7.272812608,-5.311438514,-6.115030059,-6.006814788,-5.540262407,-6.098863155,-6.30119848,-5.216625703,-5.251702502,-6.131043241
hsa-miR-370(1),-9.996203118,-9.638421132,-8.245762857,-11.10180779,-14.29639462,-13.84410573,-18.20473735,-10.83182102,-10.12897627,-9.798895341,-14.01509192,-13.71627826,-12.93244798,-12.67211717,-12.40857126,-10.65060762,-10.85231581,-9.662217436,-13.67795742,-14.71046484,-15.22559067,-16.95154327,-18.93880014,-16.53925115,-13.70467476
hsa-miR-147(1),-14.39240976,-16.89770512,-29.89735285,-14.68364106,-15.63878682,-16.67003775,-13.16011872,-13.33463343,-29.89735285,-13.90255748,-13.14897653,-14.00556915,-14.16868828,-16.99422418,-12.55320434,-13.65172588,-14.75365078,-13.38159143,-11.642947,-11.64344075,-11.71837684,-12.87853328,-13.44775279,-11.66366765,-10.8265951
hsa-miR-126(1),-7.227137272,-6.104126718,-7.87000971,-6.274317231,-7.203059163,-6.407532939,-7.149884696,-6.661896306,-5.289773129,-6.255229418,-6.031489347,-6.338910069,-7.353876577,-7.33583229,-6.679697725,-7.560344883,-8.507167625,-7.494322881,-7.676319244,-7.184129977,-9.175954059,-7.549200144,-10.45373342,-9.466414422,-10.54969689
hsa-miR-1185-5p(2),-13.83986874,-12.25837965,-12.95588107,-15.24226941,-15.31098216,-16.15546458,-19.93156857,-29.89735285,-14.44936564,-13.11321647,-16.56699614,-29.89735285,-15.97737226,-16.99422418,-15.23112885,-13.83986874,-12.03143839,-14.96809445,-16.77776323,-29.89735285,-18.03239294,-17.68668151,-29.89735285,-18.99799593,-17.87498504
hsa-miR-379(1),-11.84746177,-9.839084932,-10.89842918,-12.58179639,-11.90563727,-15.48531234,-17.57542476,-10.74935798,-9.422209216,-9.171313519,-13.44775279,-13.00583019,-11.78701739,-12.60172739,-11.93070096,-10.38100069,-8.747193423,-11.15864372,-13.91364666,-13.58107132,-15.05382432,-16.4590808,-20.52448779,-16.67455795,-13.85903397
hsa-miR-451(1),-8.737057314,-8.685647512,-8.232731531,-7.516197292,-7.186184158,-3.894644993,-8.176350487,-12.11193232,-12.32751949,-8.239604389,-11.75402445,-8.489249133,-13.45259676,-9.844296686,-7.157928834,-8.539340781,-13.05243872,-8.258638991,-13.04629927,-10.41010357,-11.59317981,-13.73976907,-15.03432814,-14.39551567,-15.03432814
hsa-miR-181a(2),-8.970598647,-8.282849235,-10.32652433,-8.62585563,-8.164747342,-6.100478696,-10.44156611,-9.275427983,-8.677059558,-8.739085874,-9.506344272,-8.587034636,-9.376930797,-8.186688913,-9.029639749,-9.060231591,-11.19097151,-7.857473613,-8.473022513,-9.898805118,-11.64578723,-8.819806259,-11.04541475,-11.1750456,-11.06512727
hsa-miR-361(1),-9.830338724,-8.981229202,-8.253361506,-8.458418395,-9.82917026,-9.207752358,-8.448023323,-9.06130327,-9.561292019,-10.31674464,-10.08885053,-10.81819624,-9.195483795,-10.82411869,-10.51504335,-9.803775389,-8.836289578,-10.83671497,-12.00803309,-10.47587558,-11.26609763,-10.69060794,-11.38564266,-11.25030556,-11.0823793
hsa-miR-10a(1),-9.741757598,-8.473137347,-10.81224093,-8.803402141,-9.079344173,-9.35439469,-10.27769526,-10.45985272,-9.616208393,-9.134725884,-8.908495534,-9.106970945,-12.06995432,-9.672115992,-8.17782616,-9.818391613,-10.34810402,-12.15864042,-8.573536113,-7.366222015,-10.05700058,-7.060370033,-7.490482754,-7.850331815,-9.812580791
hsa-miR-708(1),-13.00578272,-13.53925115,-15.57401656,-12.23620106,-13.75564483,-12.0527758,-9.529756805,-11.21884555,-12.50337592,-11.31674464,-10.73547058,-12.42085978,-14.27621674,-13.29349473,-11.75663789,-15.7221152,-14.37697972,-11.57368232,-9.675568692,-14.72993471,-15.87845723,-12.54056563,-17.71744376,-15.24226941,-14.65358382
hsa-miR-96(1),-10.40060828,-10.82977932,-11.33529307,-11.18587072,-10.4124867,-9.490253169,-9.539822326,-29.89735285,-10.76640781,-9.141969719,-7.70398361,-11.24501202,-10.15666458,-10.61900322,-9.489043847,-9.731908492,-10.2732821,-9.047134725,-9.333979668,-13.96347782,-12.39363579,-12.48465897,-11.34280147,-10.88960284,-10.94783673
hsa-let-7d(1),-8.143817795,-7.950499753,-6.332084904,-7.492026461,-8.339634417,-7.938787041,-8.068749918,-8.790001028,-8.396940315,-8.911989655,-8.213121316,-8.765298136,-7.629332925,-8.700571852,-8.521037188,-9.448984444,-8.949947063,-8.284759682,-9.069269843,-9.695225442,-9.771518168,-9.001227436,-8.689311441,-9.010214066,-10.34700625
hsa-miR-136-3p(1),-13.4590808,-11.18332875,-12.34707201,-14.38931052,-12.96521886,-18.54200176,-17.66553168,-11.01239238,-11.21386473,-8.926509701,-13.34660607,-13.36780029,-12.76738569,-11.16115244,-12.45756254,-11.1999746,-9.389296975,-11.57368232,-13.49860916,-12.90435921,-15.37085361,-16.68820414,-29.89735285,-16.18740747,-15.65358382
hsa-miR-409-3p(1),-9.241044966,-8.947637975,-8.350771094,-11.22769267,-12.81670185,-12.50754509,-16.56699614,-11.11192912,-9.480183314,-10.67463812,-12.39978165,-13.71627826,-10.65491605,-14.40800661,-11.4316908,-11.26611895,-8.317037693,-11.15864372,-12.58546266,-14.00319825,-14.09614973,-16.4590808,-16.52557621,-16.82723191,-12.85967722
hsa-miR-140(1),-10.00634647,-8.663603879,-9.596570207,-7.966426788,-9.528086734,-7.977625334,-8.884606935,-8.526966622,-7.614403869,-9.768681321,-9.426971017,-7.988397377,-8.575964198,-9.627721623,-8.144198143,-8.994574417,-9.702852073,-9.145819419,-9.891975017,-9.440885131,-10.58765669,-10.7988555,-10.5308428,-9.595407941,-10.2164165
hsa-miR-1224-5p(1),-10.66230628,-13.2577719,-12.83486396,-11.91598626,-15.83564415,-10.55216421,-12.03754511,-10.11192912,-12.64355152,-12.23185732,-12.36371134,-12.85382353,-11.84756279,-15.40800661,-11.80612927,-11.20167936,-11.12078488,-11.26555766,-13.04629927,-11.27147282,-9.854370976,-12.84629264,-9.994789312,-10.10731624,-8.811232182
hsa-miR-193a-5p(1),-12.11374069,-13.26264105,-12.62675639,-11.92283743,-11.95081205,-10.27316783,-14.97737226,-11.45985272,-13.25826656,-12.00358325,-11.18313753,-12.42085978,-13.39240976,-11.56777985,-12.94061371,-13.61506075,-16.01509192,-12.64406857,-12.56309703,-14.92257979,-14.25068165,-14.07110231,-17.71744376,-15.24226941,-12.38277748
hsa-miR-376c(1),-11.41881626,-9.139555946,-10.44491855,-12.07232577,-11.12540887,-15.22007366,-14.94515763,-9.831821015,-9.41905623,-8.968820744,-11.49801234,-12.59078379,-10.32816291,-10.88551958,-10.77672262,-8.961271387,-7.841866185,-9.371001674,-13.30659039,-12.008675,-15.12937535,-13.16891413,-20.52448779,-14.88717445,-14.7066022
hsa-miR-22(1),-5.658635218,-5.624424837,-9.061062824,-6.641845897,-6.176299676,-5.712334164,-7.087350846,-5.025982672,-5.964500947,-6.126320558,-5.585690657,-6.056808387,-5.644527199,-6.441374649,-6.860731488,-5.177529255,-6.713116884,-5.324849623,-5.703679138,-7.397329165,-7.197529018,-6.470833811,-8.936012681,-8.171464497,-6.15438313
hsa-miR-215(1),-16.83059092,-17.12009754,-15.47213695,-14.42694818,-13.66853416,-17.42821983,-12.83752256,-13.92034131,-12.90070283,-14.77776323,-13.62414004,-12.00582426,-14.16868828,-13.82513649,-13.61325173,-14.47541953,-13.13029349,-14.38005255,-9.972593982,-9.875646283,-12.06978065,-13.27707574,-13.65544416,-12.96339716,-12.23317643
hsa-miR-345(1),-11.57835998,-11.43674098,-10.97402827,-10.77910118,-13.06104356,-11.54839135,-11.15578712,-12.11193232,-13.30366995,-10.91819564,-11.64178481,-13.08828816,-11.82709561,-13.9937534,-13.25840792,-12.30950943,-12.54871978,-11.71807061,-9.810674953,-12.69747925,-13.43651304,-12.56935295,-14.20364811,-13.87845723,-13.20220614
hsa-miR-335-5p(1),-11.15452043,-8.809392846,-7.446105514,-8.393908981,-8.704545949,-10.02761745,-8.678752963,-11.01239238,-11.49007679,-10.96882002,-10.48245708,-11.31776806,-11.72891577,-10.76522469,-10.13610518,-10.19827525,-11.4894503,-9.836714967,-14.12679219,-11.94954472,-11.80546298,-11.12027737,-13.65544416,-13.8377549,-11.31238668
hsa-miR-130a(1),-12.23043541,-9.227910656,-9.481768897,-10.03903031,-9.244427376,-11.25768712,-10.94433867,-11.91928484,-11.51679456,-11.11321008,-12.61186033,-10.28093144,-11.88937843,-10.6994235,-11.7111322,-11.60146736,-13.4590808,-11.57368232,-12.91303454,-11.63418912,-13.52048134,-11.48498562,-17.52557621,-14.78589111,-13.51709473
hsa-miR-486(1),-10.07467311,-9.8693416,-7.621830758,-8.085374592,-8.900779375,-5.832892206,-12.18299329,-14.91810631,-13.01033458,-9.242196891,-11.41631028,-10.80070975,-13.11886499,-12.08715153,-9.5959817,-12.70872538,-11.18217844,-11.01180244,-11.46652057,-11.14594282,-13.71240005,-14.01270533,-11.92900668,-14.60603824,-14.55305695
hsa-miR-191(1),-9.602093987,-7.293807776,-6.418079551,-7.072695299,-7.943302126,-6.811191841,-7.750140164,-8.099105336,-9.372563434,-9.01240952,-8.588517245,-9.010842805,-8.752842103,-8.982816622,-8.378916281,-8.115919496,-7.372375054,-8.029360422,-8.705879109,-8.463532109,-11.14756852,-8.960473413,-9.46045327,-9.139616973,-9.443478396
hsa-miR-362-5p(1),-12.83938228,-14.01032268,-13.95658046,-12.56027109,-12.80110097,-11.98493712,-12.66891931,-13.33463343,-14.55652914,-14.36171296,-13.25069571,-14.17668107,-13.02264761,-13.67229608,-13.68934717,-13.08869028,-14.19280073,-12.79607474,-13.91364666,-14.20637275,-15.01509192,-13.26357713,-16.13455559,-13.38931052,-15.06862132
hsa-miR-129-1-3p(1),-12.86375779,-12.51327741,-8.042991209,-10.5416856,-15.58816075,-10.20181529,-12.71082266,-12.91927926,-16.67304964,-13.66103963,-11.45658099,-17.17668107,-13.55132398,-14.67229608,-11.59239555,-9.499012054,-14.86547938,-10.878536,-12.38579321,-19.14916,-15.03432814,-13.60244497,-16.61832272,-15.47213695,-15.03432814
hsa-miR-376a-A6G-3p(2),-12.95835912,-11.17242938,-11.35596882,-13.53582024,-12.16147956,-15.22007366,-16.79899173,-12.11193232,-9.79473506,-10.47849552,-12.68492297,-13.55132398,-11.76077721,-12.62527898,-11.16584156,-12.01800294,-8.404141413,-10.8227671,-13.31244906,-12.51095985,-15.16603382,-13.15952458,-17.71744376,-14.83986874,-15.53925115
hsa-miR-181b(2),-11.34783138,-10.36122329,-11.99704027,-10.27329817,-10.56420406,-7.891684449,-12.83379978,-13.92034131,-10.63987523,-11.14196972,-12.49216152,-11.42086373,-12.19548464,-10.70864087,-11.98325975,-11.55359459,-13.81678512,-10.57368012,-10.92667959,-12.47824031,-14.5154044,-11.33759862,-13.51371605,-13.74372166,-14.07607713
hsa-miR-182(1),-8.313540114,-8.255849654,-8.185051309,-8.825708501,-8.592070934,-7.076855604,-8.073816511,-13.33463343,-9.384815879,-8.531415465,-6.571350539,-10.44782936,-9.085059583,-9.949650289,-7.607330631,-8.525816537,-8.106786796,-7.648585586,-9.330433858,-11.59135349,-9.924014233,-11.2243475,-9.879537214,-9.542521309,-7.812693665
hsa-miR-29a(1),-6.864541495,-5.908990436,-4.896710384,-6.314474568,-6.750313799,-7.098236877,-6.749127037,-4.701726304,-5.434693638,-5.378739675,-4.98548478,-5.907306815,-5.018441204,-6.115609651,-5.413970653,-5.398338318,-7.249943177,-6.253471239,-6.776130171,-6.285382619,-6.701125357,-6.394275172,-7.313763887,-7.431758053,-6.989757256
hsa-miR-338-3p(1),-12.88128456,-11.16730072,-13.18505425,-12.21922729,-8.974306157,-11.83497463,-11.53962046,-10.50989292,-9.554355869,-11.40113492,-9.580862491,-11.22155429,-10.6236961,-11.16115244,-10.42718255,-10.90552933,-11.85466214,-10.878536,-10.13528231,-10.35695045,-12.77794561,-14.72993471,-16.4333177,-11.66590196,-14.25068165
hsa-miR-154-5p(1),-13.73779683,-11.90262376,-12.26658093,-14.08357166,-14.49860916,-15.42694818,-19.29002254,-29.89735285,-13.61506075,-13.27367137,-16.63291025,-29.89735285,-14.51878704,-15.40800661,-13.41586873,-14.29930035,-11.0707392,-13.15864042,-15.58816075,-16.40800661,-17.8819378,-17.00937072,-19.52014232,-16.82723191,-29.89735285
hsa-miR-125b(2),-5.477760883,-5.030458629,-4.931848876,-5.010119221,-6.244482176,-5.345469783,-7.519907441,-7.526966888,-5.623902617,-4.918453599,-6.260513864,-5.27488261,-6.6639605,-5.546443946,-4.752779091,-9.633849814,-4.047150609,-8.954771056,-5.222651314,-7.752193437,-6.612858707,-6.253962221,-9.515367451,-8.56689109,-6.426683183
hsa-miR-3065-5p(1),-12.39541462,-14.31685873,-11.16928288,-11.31515573,-15.56699614,-14.17668107,-11.58176985,-12.59735787,-10.79065446,-12.7761735,-13.95887592,-13.36780029,-12.9768488,-16.99422418,-12.64749868,-13.51034527,-13.82513649,-14.38005255,-18.00177757,-12.83608715,-16.25349666,-14.74967093,-17.06564975,-15.67606784,-17.13663291
hsa-miR-30a(1),-9.54881811,-8.26331601,-10.51293586,-7.667516605,-5.016786751,-8.631990765,-10.62768054,-7.042767302,-6.537160807,-5.439668887,-8.350083149,-6.206722751,-9.242133988,-5.771852671,-8.306008112,-7.139772198,-7.357116007,-8.612851223,-8.479226416,-8.040687592,-9.559146395,-8.736946512,-11.7194516,-10.96270885,-8.112660504
hsa-miR-149(1),-12.54182969,-14.92257979,-11.76210951,-12.24476693,-14.01748247,-14.29639462,-8.446843335,-13.92034131,-14.35262986,-15.77776323,-12.93803006,-13.36780029,-11.60180362,-12.90658408,-12.47426157,-16.34660607,-14.25068165,-13.38159143,-11.19744495,-12.56097705,-12.43933081,-13.80641344,-11.72753548,-8.805761866,-9.742770814
hsa-miR-152(1),-12.12106763,-10.25106311,-12.0110192,-10.87719488,-10.02649601,-9.508613435,-13.28640012,-10.29459782,-9.017468267,-8.853343026,-7.383474693,-8.689236404,-10.30208627,-9.26048577,-8.224843776,-10.70409943,-12.84163617,-9.737179821,-8.417210056,-10.84775686,-12.82050595,-10.42879841,-12.79727574,-12.87099152,-11.58307498
hsa-miR-139(1),-13.16836948,-11.83680996,-12.78595225,-11.17764987,-12.24926917,-11.39150254,-11.13637633,-11.33432048,-9.940847655,-11.07573456,-11.5742761,-11.78343268,-11.37692984,-11.99404173,-10.44927689,-15.19821423,-13.80434802,-13.15864042,-11.02704232,-8.547268316,-11.23266253,-11.14328091,-11.48902311,-10.69075816,-10.45959062
hsa-miR-502(1),-13.39551567,-13.74967093,-14.14758816,-12.71227418,-13.41744631,-12.57116917,-13.50866283,-12.91927926,-12.95448331,-13.50362724,-12.80149229,-13.42060665,-12.53390249,-12.439451,-12.30674388,-12.89723178,-14.29639462,-10.94363098,-12.83726915,-13.82304411,-14.20910254,-12.95999053,-15.52557621,-13.20241011,-14.96809445
hsa-miR-455-3p(1),-12.24637827,-12.81290776,-19.28080401,-13.40800661,-13.36323239,-11.94968168,-15.74570202,-12.59735787,-13.73386041,-12.50315814,-11.69233285,-14.59171857,-11.37692984,-13.18669438,-11.81066718,-12.50583234,-17.7552458,-12.05910915,-13.31833161,-13.59171857,-16.15546458,-14.78589111,-13.74372166,-13.66665688,-15.7066022
hsa-miR-103(2),-6.928563386,-6.892148427,-5.915270137,-5.552718041,-7.59879687,-4.932786093,-7.506898108,-6.426069228,-7.764064492,-7.646892505,-6.219023084,-7.92545116,-6.130632279,-7.912800189,-6.897929971,-5.554668577,-8.626591018,-6.071180396,-6.779315421,-7.588796897,-8.363754109,-7.43051289,-7.804558298,-8.123953631,-8.848408399
hsa-miR-195(1),-13.76164357,-10.38036981,-13.63327684,-11.23479573,-10.32283324,-13.09254119,-11.45722176,-11.11192912,-10.30989212,-10.83241015,-11.64141606,-10.90896218,-14.16868828,-10.17386522,-11.96065166,-12.75297343,-12.54574067,-12.50656253,-13.97040831,-11.1334662,-13.86763426,-11.46284679,-15.63144484,-14.42060665,-14.13196315
hsa-miR-194(2),-10.35093124,-10.89905993,-11.1903443,-10.417914,-7.836769387,-10.83267586,-5.274420752,-6.376252438,-6.443677424,-8.355513221,-5.05369858,-7.540938497,-6.615448006,-6.594231834,-7.277584228,-7.02580364,-7.826819789,-6.334821135,-4.809234887,-5.237924152,-6.73335622,-6.673486361,-5.254790994,-6.71518055,-6.945122435
hsa-let-7c(1),-9.526719718,-8.052820625,-5.779860588,-6.841544501,-8.592700178,-8.741145688,-7.575901711,-9.606401431,-8.622215572,-9.540448522,-11.01130207,-8.064222639,-10.33284235,-8.043633639,-8.429710988,-12.12576667,-9.576470793,-10.92598332,-9.953229913,-11.35810315,-11.25110003,-9.044791342,-11.82704844,-11.41556525,-9.352242259
hsa-let-7g(1),-7.044444314,-6.438651627,-6.633731476,-6.243588026,-6.567795181,-7.364972671,-6.759283274,-7.895030894,-8.534036181,-9.081899194,-8.71442754,-8.209474879,-8.016378219,-7.425460619,-7.554054075,-7.151836289,-6.900480823,-7.726017825,-8.072351397,-7.777722392,-8.41403647,-8.85308215,-8.417092683,-7.998131662,-8.545107327
hsa-miR-24(2),-6.552684589,-5.891801543,-5.963933413,-5.83628422,-6.257006073,-5.457057552,-6.762960377,-6.024466469,-5.749227216,-4.947774482,-5.629218813,-6.01209971,-5.984613237,-6.683430925,-7.354408855,-7.48365753,-8.213344814,-7.104911248,-5.4505547,-7.569771978,-8.167516812,-6.282281063,-6.229570386,-7.831285677,-6.954522673
hsa-miR-142-3p(1),-11.65608188,-12.39966471,-13.81886844,-9.331020969,-11.8808329,-10.32546322,-12.70820394,-12.11193232,-11.18144447,-10.79128327,-11.08738067,-11.26885747,-12.72891577,-10.90658131,-9.577492233,-12.4932674,-9.948287055,-11.05910607,-9.102654604,-6.675790955,-9.366972237,-9.192410731,-14.97272589,-10.57896892,-11.12867421
hsa-miR-423-3p(1),-8.509812985,-8.574665484,-6.761369801,-7.457484948,-8.394575911,-6.914667157,-8.895730251,-8.633881908,-8.894125257,-8.818106376,-7.867668633,-9.250936533,-7.947556415,-8.486248968,-8.349997473,-8.44005615,-9.705647795,-8.15864331,-8.074203727,-9.602909348,-10.06145974,-8.613815108,-9.38564459,-8.374997853,-8.977285729
hsa-miR-653-3p(1),-15.20364811,-19.14916,-16.27621674,-29.89735285,-18.11599314,-19.13248126,-19.76806984,-29.89735285,-11.36344143,-29.89735285,-29.89735285,-29.89735285,-13.80641344,-29.89735285,-18.24450788,-19.93156857,-19.11599314,-29.89735285,-12.32807574,-14.72993471,-21.2038659,-13.8741183,-17.06564975,-16.60964047,-16.4590808
hsa-miR-9(3),-14.03675081,-11.74436003,-16.95337294,-9.99862896,-13.40957561,-14.45583514,-11.2296453,-13.911422,-14.25914323,-10.23175149,-13.60783823,-11.1313546,-12.88979992,-12.67139233,-11.89329153,-8.600346495,-6.972776089,-9.900123746,-8.24672573,-11.66478671,-14.06367211,-15.48531234,-16.71744376,-16.13455559,-13.49360848
hsa-miR-1307-5p(1),-9.448212271,-10.76821828,-10.5670027,-10.8361821,-11.68443381,-10.94719853,-11.59984544,-8.23278361,-7.765405173,-8.064221867,-8.000522697,-9.420861754,-9.195483795,-10.14855398,-9.826668467,-9.254587199,-9.769588958,-8.644070302,-6.854779856,-9.367864154,-8.72114561,-9.57194967,-8.921569245,-8.545867376,-7.292485443
hsa-miR-151-5p(1),-8.844424005,-7.995691926,-7.18092857,-7.886585401,-8.506714697,-9.968461524,-9.385794176,-10.83182102,-9.7865841,-9.853343026,-9.553052611,-9.818197541,-9.37321674,-8.875102904,-9.234235201,-8.138464397,-9.498756319,-8.214454256,-8.600687535,-9.131455735,-10.20843839,-10.00004949,-10.4390604,-9.755730883,-9.946355636
hsa-let-7a(3),-5.024099697,-4.141770225,-4.023344496,-4.038402084,-4.022039814,-3.985807806,-4.106552841,-7.370847645,-6.338257054,-6.83071211,-7.392797147,-5.913255184,-6.686058497,-5.204371558,-5.99739682,-6.376245487,-3.907864476,-6.580243634,-7.991482958,-5.71296462,-6.658310876,-6.063035547,-7.397062868,-6.723846349,-6.717778412
hsa-miR-374b(1),-11.844424,-11.47851611,-11.3120235,-10.76056696,-11.11385259,-11.77644677,-9.815299994,-11.74935798,-11.01033161,-11.93487477,-10.97088601,-10.89034749,-10.34748736,-10.61900322,-10.65597713,-10.1776081,-11.7964801,-10.96599782,-13.10973082,-10.52266993,-12.35089544,-11.36567061,-13.57050208,-11.7788629,-12.56781051
hsa-miR-378(1),-10.70389006,-10.55200175,-10.78996718,-10.58995857,-9.670787786,-10.05947242,-11.9879871,-11.33432048,-10.68083196,-10.83757536,-12.08590917,-11.19846849,-11.84756279,-10.13606297,-10.91595281,-10.15558141,-12.48373319,-11.10801663,-9.843995674,-7.481790559,-9.816726572,-11.49185817,-14.41744631,-13.26211654,-9.461704973
hsa-let-7b(1),-4.818726497,-5.079419827,-4.298590094,-4.012204183,-4.144256382,-3.845340209,-4.431278136,-7.09273574,-6.09094218,-6.133672422,-8.291467367,-5.254849495,-7.466791577,-4.839421846,-6.525248748,-7.72670647,-5.692425205,-6.782983154,-6.470065845,-6.567637937,-7.314807242,-6.091038163,-7.678628223,-7.042506342,-6.811748136
hsa-miR-28-3p(1),-13.11374069,-11.48651647,-12.25544223,-10.84917999,-10.39482014,-11.56353799,-14.29060066,-12.59735787,-11.45090356,-12.60625412,-12.21170748,-11.50332566,-12.93244798,-11.99404173,-11.60350855,-10.76298921,-11.19592455,-11.44243511,-10.36871561,-9.750764291,-11.24130863,-11.23145141,-12.88857411,-11.50296553,-10.13203761
hsa-miR-1468(1),-11.61411073,-13.65917206,-16.10374954,-13.26204568,-14.04160837,-13.40174762,-14.97737226,-13.92034131,-17.25801215,-13.19120762,-13.17999773,-13.71627826,-15.38931052,-13.29349473,-14.96347782,-16.680607,-14.64987032,-15.96809445,-14.45583514,-10.87292196,-13.82095476,-12.41085561,-15.82723191,-13.76766736,-12.83023366
hsa-miR-148b(1),-10.62362099,-8.927848287,-9.766056039,-10.79002593,-9.540350762,-9.579490925,-10.89560107,-7.788250412,-8.073384709,-8.735429384,-6.894542988,-8.471258076,-6.879910981,-8.077178957,-7.262618453,-7.684896248,-8.445796607,-8.086414925,-7.125561973,-9.379506646,-11.1496024,-9.818880164,-8.649062738,-9.076903518,-9.77090296
hsa-miR-27b(1),-7.025238442,-6.049004611,-8.021010155,-7.535599656,-6.450316305,-7.669393544,-8.189096176,-6.141207039,-5.304609096,-4.02407362,-4.946671176,-4.923675367,-4.991090476,-5.262300475,-5.89389825,-6.795048556,-7.659632308,-5.387625502,-4.506894467,-6.544996317,-8.437055953,-5.763059484,-7.240010414,-8.09218603,-7.729332078
hsa-miR-218(2),-15.13455559,-13.00287847,-13.02988105,-12.14522705,-13.04870546,-11.60211753,-14.79406505,-12.33432048,-12.30406387,-12.66069394,-11.48827273,-10.33026019,-10.99956352,-10.60172739,-9.9925301,-14.1216397,-14.04892552,-12.79607474,-11.45103684,-11.29627489,-14.19280073,-9.431154882,-10.83694453,-10.13108763,-13.67795742
hsa-miR-196a(2),-18.00177757,-14.95887592,-12.25544223,-16.47213695,-16.6775793,-16.4333177,-17.15757224,-29.89735285,-15.25914323,-29.89735285,-29.89735285,-16.17668107,-15.97737226,-29.89735285,-18.89594466,-19.93156857,-17.76806984,-29.89735285,-10.09160741,-11.79179725,-17.24899527,-17.30396173,-14.59528518,-15.19821423,-16.22007366
hsa-miR-532-5p(1),-12.12597945,-12.05586836,-12.1903443,-11.36095764,-11.7780216,-11.4893466,-11.40192719,-10.83182102,-11.35137031,-12.361136,-10.78589111,-11.44782936,-9.873555193,-11.11139918,-9.971623129,-11.25017553,-11.04266706,-10.64407088,-10.70894511,-10.87759383,-12.56396162,-12.22489298,-13.13288293,-11.63926995,-11.74191201
hsa-miR-542(1),-14.41744631,-15.05382432,-19.28080401,-16.82891044,-16.53925115,-15.81055317,-17.39303041,-14.91810631,-12.86594241,-11.83757536,-14.42694818,-15.58816075,-12.06995432,-14.40800661,-12.39260368,-14.57050208,-15.53925115,-13.96578428,-14.03190954,-15.68364106,-15.92257979,-16.18740747,-18.20473735,-16.3586789,-15.10374954
hsa-miR-92b(1),-11.37118223,-11.28858547,-10.09747681,-11.20663186,-13.3586789,-10.28751042,-10.15951303,-10.67135704,-11.5532477,-11.08818137,-8.243207658,-11.28093324,-9.06446284,-11.37933369,-9.188267358,-10.8604629,-8.313465301,-9.517592701,-10.25604723,-9.904355067,-11.09590341,-8.303031895,-9.24984524,-8.03651669,-10.47090586
hsa-miR-574-3p(1),-12.88440102,-11.98009734,-13.44453249,-12.39867502,-11.44141164,-12.13523688,-13.10823955,-11.91928484,-11.40028069,-11.50315814,-10.44334681,-10.40756564,-10.47699783,-10.70864087,-9.556692102,-13.67984948,-13.23599226,-11.44243511,-10.86094847,-12.79426999,-14.77776323,-11.31197949,-11.78710406,-13.45745706,-14.57753963
hsa-miR-10b(1),-9.870437733,-9.059779583,-10.04898971,-9.250143023,-9.85074971,-9.525040402,-10.00767214,-10.45985272,-10.07835104,-10.10374954,-9.493619921,-9.447829362,-10.75284148,-11.13606135,-9.7260612,-8.934427203,-10.29980946,-11.87853328,-8.421812366,-7.134481196,-10.03867062,-10.96581602,-11.46991314,-13.62231961,-10.77659607
hsa-miR-340(1),-11.41630239,-11.77234306,-10.47367678,-11.07102782,-12.07660048,-12.69496115,-11.2049587,-12.91927926,-11.06843542,-12.31674096,-11.77046189,-12.5318933,-12.09419924,-12.29360337,-12.10185852,-11.14162744,-8.051050245,-12.15864042,-13.91364666,-9.477056435,-11.20702743,-10.90013202,-13.23057408,-12.00246998,-10.90500086
hsa-miR-193a-3p(1),-15.65358382,-15.56699614,-16.95520493,-14.50866283,-13.11787715,-16.32275933,-13.70082757,-10.67135704,-15.67606784,-15.03917754,-12.6374717,-11.47530863,-14.16868828,-10.90658131,-12.49847559,-13.07615188,-15.96809445,-10.79607218,-15.41429288,-14.23947619,-17.2969753,-13.5970718,-18.93880014,-15.71433785,-15.10374954
hsa-miR-184(1),-10.70114217,-10.30620675,-18.27621674,-9.599536498,-15.19821423,-9.134532887,-21.61195064,-13.92034131,-29.89735285,-12.0392079,-15.60244497,-17.17668107,-14.16868828,-15.99610882,-14.12679219,-12.1864321,-18.71744376,-13.38159143,-29.89735285,-12.25922809,-13.64247187,-14.98203364,-13.02535139,-11.68394007,-12.66517554
hsa-miR-505(1),-14.79816944,-13.55305695,-14.95428865,-14.14497221,-14.31098216,-14.57401656,-16.14497221,-29.89735285,-14.55652914,-13.90255748,-16.11394531,-14.36780029,-13.65544416,-14.18740747,-13.30951675,-14.90476851,-15.05382432,-14.38005255,-12.20175752,-14.25631718,-14.39551567,-12.99457736,-13.70467476,-12.87788157,-14.62778782
hsa-miR-183(1),-9.013716914,-8.718336129,-7.95306545,-9.281732197,-10.77294121,-7.349873911,-8.611578142,-12.91927926,-9.126402697,-7.977433706,-6.210331036,-11.50332566,-9.188940815,-10.84429669,-7.91498485,-8.353184084,-8.307020284,-7.801091315,-9.809029142,-12.43169877,-10.12472093,-11.70879298,-9.818700358,-9.800218313,-7.923950115
hsa-miR-423-5p(1),-9.528778188,-10.59807551,-8.533815868,-9.757499273,-10.53828538,-9.372202952,-10.5603713,-10.11192912,-11.51679456,-12.15168509,-12.11559615,-12.00582426,-11.06995432,-12.29360337,-12.7571222,-10.45419076,-11.99956647,-11.21111224,-12.16761263,-11.49011414,-11.49340049,-12.87853328,-12.88133898,-13.09596025,-10.33935262
hsa-miR-185(1),-8.492480517,-9.883712587,-10.54648919,-9.197251849,-10.67255978,-9.982388226,-9.343649509,-13.92034131,-11.7664053,-12.15168509,-11.66354596,-12.42085978,-12.48498975,-12.60172739,-12.23787951,-11.49535258,-11.36765542,-11.01180244,-12.16761263,-11.98271079,-12.30938494,-12.16194888,-14.85261723,-12.37111345,-11.55872092
hsa-miR-21(1),-6.654474743,-4.226848738,-8.488274806,-5.777742338,-4.846095737,-6.582216839,-7.527209842,-4.754377274,-3.619597777,-3.881989274,-4.210055776,-3.772337894,-4.418303207,-3.925601368,-2.990761081,-6.106869521,-3.814665185,-5.610647119,-2.918142797,-3.554857391,-5.312469467,-1.695012557,-4.975080375,-5.123953631,-5.135339001
hsa-miR-155(1),-13.54269023,-12.47479527,-15.57401656,-10.89561481,-14.4333177,-11.83038601,-14.92257979,-13.92034131,-13.40018711,-13.36171296,-14.36780029,-14.36780029,-15.17134762,-13.9937534,-13.14324828,-14.10883842,-13.09539194,-13.38159143,-13.60783823,-10.81651972,-14.95428865,-12.95605302,-16.82555533,-15.99610882,-17.65358382
hsa-miR-221(1),-8.064995517,-6.800199983,-12.5498872,-6.812720912,-8.986565217,-7.99725443,-11.51467395,-6.805542051,-10.74255946,-7.652916137,-5.970701244,-8.667954877,-6.703630642,-8.746116388,-6.912772202,-7.498685609,-9.920738389,-6.77370535,-8.884589207,-7.386538715,-7.79926389,-6.087965939,-7.986764284,-7.282038656,-7.377718761
hsa-miR-331(1),-12.29805744,-12.4138362,-12.50962158,-11.37498971,-13.23872295,-10.49841715,-12.29452353,-10.83182102,-11.28097991,-12.40694067,-10.24741257,-12.47531273,-11.53389821,-12.35018719,-12.34793667,-11.94205486,-11.85936628,-11.87853328,-11.88502294,-12.14219143,-12.16528482,-9.758439886,-11.81783682,-10.75722208,-12.93602752
hsa-miR-224(1),-16.32275933,-12.57741618,-14.88717445,-13.61506075,-12.21786588,-13.48531234,-14.46886182,-29.89735285,-12.58583512,-13.03921398,-12.33899194,-13.08828816,-13.45259676,-13.67229608,-13.57577702,-16.92796633,-16.58107132,-14.96809445,-14.49860916,-13.23905768,-15.4787096,-13.72797586,-17.93880014,-16.99610882,-17.65358382
hsa-miR-148a(1),-8.941920751,-5.26518771,-9.754246211,-9.237270759,-2.553051299,-9.058915233,-12.7297877,-4.941760986,-6.844632083,-3.986913534,-6.428561535,-2.942491512,-6.355556223,-2.029124022,-6.288018308,-5.744558032,-6.538431544,-7.327562362,-5.379071354,-5.00802088,-8.443174068,-7.454399743,-10.67500839,-10.12197084,-8.371629903
hsa-miR-133a(2),-12.22779647,-13.82933038,-18.27621674,-11.7646222,-16.11394531,-8.078500003,-13.99846809,-13.92034131,-13.86547938,-15.3586789,-14.92257979,-12.65219014,-17.24674983,-14.7737164,-12.75905105,-7.978798934,-16.51202968,-14.96809445,-15.31098216,-11.36095764,-13.17265249,-9.769400082,-15.92257979,-12.61459019,-14.17401188
hsa-miR-488(1),-15.76968089,-13.81678512,-18.27621674,-13.93608405,-17.7552458,-15.81055317,-19.17454532,-14.91810631,-15.08858974,-11.80654779,-12.12461946,-16.17668107,-13.97737226,-15.99610882,-14.43012942,-14.03190954,-15.72993471,-12.64406857,-17.2625418,-12.69747925,-12.59317981,-21.59357211,-17.06564975,-16.82723191,-11.75915106
hsa-miR-200c(1),-5.545724297,-5.212069422,-4.880512906,-4.732542461,-4.619538568,-4.757742916,-5.683316456,-6.405556628,-6.331778668,-6.593367309,-7.022366442,-7.090277062,-6.527178972,-6.080780376,-7.264325274,-6.350457217,-5.604853717,-6.539733467,-7.334275778,-5.522167688,-7.642500117,-6.451575655,-7.288284612,-6.797646928,-7.062339108
hsa-miR-30c(2),-8.60024515,-8.297883533,-7.507557688,-7.551942463,-6.15191497,-8.561000484,-8.372006493,-9.749359221,-8.66703683,-8.53249363,-8.232698983,-8.132284519,-9.193321744,-7.002521956,-8.24028218,-8.495615005,-8.889682902,-9.996525837,-8.058395949,-7.990418965,-9.610189479,-8.487082153,-9.489365266,-8.985712175,-9.838765189
hsa-miR-95(1),-10.65608188,-10.5129717,-8.756208022,-10.63708337,-11.52434755,-10.64779493,-10.93407009,-12.33432048,-9.596481972,-12.27367851,-10.07129321,-12.17574629,-10.03432966,-12.47048208,-11.81674349,-8.96898123,-10.64188624,-10.15864372,-10.84736874,-10.22608478,-13.03929899,-11.93538888,-11.59150485,-11.68167293,-11.94388958
hsa-miR-642-5p(1),-13.13337545,-16.40800661,-14.57753963,-15.63878682,-18.11599314,-13.82513649,-13.49360848,-29.89735285,-16.25349666,-29.89735285,-14.70274988,-29.89735285,-14.65358382,-16.99422418,-14.01987699,-15.84410573,-16.05382432,-12.05910915,-14.72601966,-13.00979903,-13.67984948,-15.94971592,-14.64247187,-12.3638254,-14.52898281
hsa-miR-769(1),-11.36463928,-12.50843585,-10.41362169,-11.45717309,-13.45745706,-10.63373749,-12.06471003,-10.67135704,-13.30366995,-13.55305695,-11.44240701,-12.7834276,-11.1064794,-12.67211717,-12.22975617,-10.31502708,-11.51096406,-11.71807061,-11.93441167,-11.73090533,-10.21765285,-12.13301253,-11.77365073,-11.7996036,-9.639411464
hsa-miR-27a(1),-9.960427417,-8.242317464,-9.664940125,-8.404362338,-9.492684213,-9.41106087,-8.640594196,-6.083233864,-5.049873125,-6.592126608,-6.26186178,-6.3061556,-6.128024973,-7.025376948,-6.047400245,-8.392297294,-9.118645235,-6.340289342,-6.43365288,-7.31169021,-8.632453299,-5.476472055,-6.252383857,-6.672358913,-6.775498769
hsa-miR-25(1),-10.05406663,-9.150003942,-9.228409023,-9.037169885,-9.114787289,-8.957371978,-10.18131548,-9.218844695,-8.434892519,-8.537770568,-8.122298437,-8.871968583,-7.8492748,-7.896011669,-7.743192991,-7.192728338,-8.926933054,-8.089481094,-7.989738553,-8.235048696,-10.36552976,-7.852216128,-10.30926229,-9.302319427,-9.946523607
hsa-miR-214-3p(1),-14.66478203,-11.84867974,-15.81886844,-11.86889636,-13.13732168,-13.45745706,-14.19280073,-29.89735285,-12.06843542,-12.361136,-13.87628613,-11.81819624,-15.38931052,-11.03984865,-11.83357861,-17.02083591,-14.95428865,-14.38005255,-12.03857048,-14.27050309,-16.74411752,-13.13711371,-16.71744376,-16.13455559,-15.32868416
hsa-miR-107(1),-11.52634199,-9.986641328,-10.12635996,-10.34400293,-11.71090488,-9.830763019,-11.95462073,-10.12903282,-10.93030395,-11.27367494,-10.16932109,-11.00582426,-9.204792687,-10.98662523,-11.05084938,-9.143125916,-12.51149045,-9.307786737,-9.311666832,-10.81502446,-11.95943886,-10.67165822,-10.54196089,-11.38764356,-12.59126446
hsa-let-7i(1),-5.705655249,-6.461733202,-6.44360999,-5.276022026,-7.687214249,-6.81906439,-6.640180129,-6.275427983,-6.143434181,-7.416425863,-7.111991986,-7.141638238,-6.273268595,-7.657537299,-6.310521196,-6.632202407,-6.497678035,-7.194508654,-5.794070409,-7.084903279,-7.201653454,-7.148872932,-7.151392597,-7.83050094,-6.558710853
hsa-miR-1179(1),-12.69019551,-14.18740747,-12.0110192,-11.16947892,-15.25349666,-13.33463343,-8.99128948,-13.92034131,-15.45259676,-15.3586789,-14.43971547,-14.85261723,-14.80641344,-13.9937534,-12.56849389,-12.25900886,-13.9383471,-12.50656253,-17.58674007,-10.84063841,-15.39551567,-16.64025971,-16.00556915,-12.53738887,-29.89735285
hsa-miR-490-3p(1),-20.32370567,-23.46773689,-14.57753963,-29.89735285,-20.9258093,-29.89735285,-22.93156857,-29.89735285,-29.89735285,-29.89735285,-29.89735285,-29.89735285,-29.89735285,-29.89735285,-17.38313194,-29.89735285,-29.89735285,-29.89735285,-16.12421365,-29.89735285,-21.2038659,-20.01013224,-18.93880014,-29.89735285,-29.89735285
hsa-miR-199a-5p(2),-9.919115823,-7.672950717,-14.06862132,-8.296487153,-8.134063479,-9.68422727,-9.842483608,-8.853194902,-6.933888044,-7.159430528,-7.845943749,-7.115945311,-9.332987488,-7.375658252,-4.950202954,-12.30094468,-9.651420705,-9.608446237,-5.766646484,-8.791691752,-10.35245632,-7.915835392,-11.13644777,-10.41971315,-9.703033637
hsa-miR-452(1),-15.67606784,-14.08106916,-16.95520493,-15.24226941,-13.37085361,-14.54613753,-15.56000971,-13.92034131,-12.90070283,-12.66069394,-14.1793552,-13.85475297,-15.38931052,-13.9937534,-14.37391341,-17.75844114,-15.80228555,-14.38005255,-14.94061371,-14.52217763,-15.74570202,-14.14758816,-20.52448779,-16.99610882,-15.20910254
hsa-miR-301a(1),-13.39240976,-12.64626808,-10.07813581,-12.23620106,-13.93608405,-13.33463343,-10.89543068,-11.11192912,-12.97285347,-13.66103963,-10.70977364,-12.62116482,-11.65491372,-13.40957561,-11.10325116,-11.08711701,-12.86611474,-11.79607474,-13.28168012,-11.38438868,-12.47628245,-11.78311741,-11.78541743,-11.32351339,-12.94783388
hsa-miR-181d(1),-13.34360358,-12.38862184,-9.649362776,-11.31890276,-12.60329756,-9.519795971,-14.52557621,-13.33463343,-10.69220633,-13.40643932,-12.02689782,-13.17574629,-10.73843997,-12.90658408,-11.32520778,-13.0011269,-15.59528518,-12.38103724,-11.31479185,-14.13196315,-14.15020886,-11.63751306,-12.78373276,-12.83443187,-13.92931612
hsa-miR-551b(1),-11.54019608,-13.00389726,-13.08798665,-18.0518628,-15.75365078,-12.38139898,-18.57542476,-11.33432048,-29.89735285,-14.36171296,-13.73976907,-29.89735285,-14.16868828,-16.99422418,-14.97737226,-10.10771733,-21.11927572,-11.87853328,-15.41429288,-16.14497221,-16.49860916,-15.63144484,-29.89735285,-16.74887627,-17.4590808
hsa-miR-653-5p(1),-15.51878704,-19.88892423,-19.28080401,-29.89735285,-20.9258093,-20.12916853,-21.61195064,-29.89735285,-9.72298425,-16.3586789,-21.02698813,-16.17668107,-14.27621674,-29.89735285,-17.06169716,-20.92868606,-19.2266966,-15.96809445,-12.53017702,-13.2632934,-29.89735285,-13.65172588,-19.52014232,-16.82723191,-15.7066022
hsa-miR-744(1),-10.01428601,-10.73924616,-7.35633945,-8.980658421,-12.38219203,-8.022376383,-9.690140684,-10.0613025,-10.24145183,-10.25261286,-8.474742403,-10.05680848,-8.416510893,-9.949650289,-12.13563283,-9.089086221,-11.68940435,-8.62614803,-9.63126635,-10.92677226,-11.7969369,-10.78794046,-10.01839192,-9.932751106,-11.15352759
hsa-miR-598(1),-15.59528518,-12.61903953,-11.16406605,-13.59350077,-14.90476851,-14.95887592,-13.56699614,-14.91810631,-12.42536812,-12.90170714,-10.31468344,-12.31777174,-10.56745362,-12.53461279,-9.415755409,-14.79816944,-12.42328255,-10.92160283,-11.85753953,-12.40447477,-13.09046344,-11.36147,-10.97830042,-10.40156417,-12.75222672
hsa-miR-146b(1),-10.19165804,-10.64955975,-10.45603373,-8.769804307,-9.872997719,-10.81670966,-12.34195487,-11.74935798,-11.86594241,-11.38385656,-12.01565932,-12.06722764,-11.87881035,-9.774874911,-12.51813527,-11.75671777,-11.94212298,-11.53973213,-10.25230665,-10.48238277,-10.78424661,-11.08842952,-13.94061371,-12.9120112,-12.3073068
hsa-miR-19b(2),-10.05202208,-11.3833015,-10.07730169,-9.521180821,-7.779587067,-9.82050334,-9.905800561,-8.385409628,-8.685256687,-8.940503838,-8.828069618,-8.102518192,-8.118862586,-8.145420669,-7.168854134,-7.877139257,-9.38462782,-8.114249103,-8.90804221,-7.58083929,-9.746138069,-6.793548655,-10.9983825,-7.826636043,-9.514628573
hsa-miR-19a(1),-12.42989059,-13.78997229,-12.75943113,-11.96232596,-10.10358763,-12.1053951,-12.1225079,-12.25707967,-10.93335896,-11.95752689,-11.66941263,-10.71091697,-11.1313546,-9.971675278,-9.409238134,-9.489795665,-11.09005454,-9.965997819,-11.32651878,-9.698858652,-11.95943886,-8.732886577,-14.07607713,-9.895285041,-11.86836766
hsa-miR-99a(1),-9.181245962,-8.253887682,-6.957430965,-7.174069591,-8.554811529,-9.572608645,-7.588810784,-9.111929123,-7.791163747,-7.1633069,-8.274049586,-6.989016128,-9.93518406,-6.85193679,-6.819861348,-11.31594997,-9.014500129,-9.396142515,-6.157953043,-10.91072471,-9.526485624,-7.30760777,-11.22828095,-9.30333357,-7.715281658
hsa-miR-138(2),-13.70082757,-15.38931052,-14.14758816,-12.4873322,-13.17033649,-11.15231213,-16.80228555,-29.89735285,-17.25801215,-16.3586789,-15.24226941,-15.17668107,-13.97737226,-16.99422418,-15.81886844,-29.89735285,-17.1702833,-29.89735285,-13.03087079,-14.94971592,-18.8819378,-15.90476851,-19.52014232,-17.2969753,-19.45648369
hsa-miR-204(1),-10.22779647,-10.48660547,-14.52217763,-8.930155449,-13.52048134,-9.349873676,-8.559180134,-14.91810631,-16.67304964,-9.547356831,-10.36727806,-12.65219014,-11.84756279,-12.74611825,-11.30194238,-16.53925115,-11.68119908,-29.89735285,-13.19313848,-11.981036,-16.81221239,-10.82258942,-16.52557621,-14.62050147,-17.87498504
hsa-miR-30d(1),-6.632104381,-5.173109176,-5.286375238,-6.275344839,-5.875781821,-5.435806961,-7.744589282,-6.253948348,-6.047892964,-4.736570927,-6.163263474,-6.550497221,-6.805041218,-6.511235787,-6.2332714,-5.105877235,-6.360893966,-6.113468669,-6.024532397,-6.036736504,-6.994815624,-5.966222931,-7.019880545,-6.664294674,-5.939707967
hsa-miR-33a(1),-15.16073952,-13.85903397,-15.95887592,-14.2283571,-14.23112885,-15.0440433,-12.73039542,-10.91928484,-11.68840411,-10.91819564,-10.10737194,-10.40756564,-10.4260964,-10.61900322,-10.15786888,-12.71357211,-11.52597607,-10.55660736,-8.928144123,-11.16866171,-12.51770374,-10.54447103,-10.92342571,-10.19188245,-11.10093928
hsa-miR-489(1),-16.42060665,-20.29930035,-16.69278171,-29.89735285,-19.93156857,-19.13248126,-21.34660607,-29.89735285,-10.67329699,-29.89735285,-29.89735285,-29.89735285,-13.58461168,-16.99422418,-19.70506004,-29.89735285,-21.60273211,-29.89735285,-14.03190954,-15.68364106,-29.89735285,-14.63878682,-19.52014232,-17.53650577,-18.46168259
hsa-miR-216b(1),-15.73779683,-9.607839358,-17.27850855,-7.927137755,-6.448195391,-8.302647829,-8.472939981,-29.89735285,-16.25349666,-7.281653179,-18.02467797,-7.564724565,-17.97551192,-8.084150595,-17.61832272,-29.89735285,-9.010289947,-29.89735285,-12.91303454,-10.03219956,-10.86213223,-19.27164401,-19.52014232,-29.89735285,-12.73167051
hsa-miR-887(1),-16.93156857,-15.71433785,-16.47213695,-14.24506804,-16.6775793,-14.32275933,-16.59528518,-12.33432048,-15.25914323,-29.89735285,-16.49860916,-14.85261723,-17.97551192,-15.40800661,-16.31098216,-16.84071514,-18.1702833,-14.38005255,-15.19280073,-16.8238807,-17.5039624,-15.85261723,-18.93880014,-16.3586789,-18.46168259
hsa-miR-7(3),-2.8513705,-3.617702762,-3.128820377,-3.38027081,-7.553448235,-3.964240008,-2.056167943,-3.776066825,-5.729075852,-5.632473409,-3.291128507,-7.170110833,-4.782163591,-7.640897085,-5.257511119,-3.540434019,-4.347306835,-5.534490147,-6.418279424,-4.399969685,-4.694740138,-8.507380756,-6.112891334,-5.50312955,-4.850671199
hsa-miR-1180(1),-11.42837489,-13.31980601,-10.87692898,-11.96465942,-14.99610882,-11.62378033,-12.85879818,-9.275427983,-12.21386473,-12.66069394,-10.48439234,-12.7163171,-8.684521653,-12.99404762,-11.29291545,-11.62183303,-14.62414004,-10.03526039,-12.2279072,-12.51173476,-11.88453193,-10.99597328,-11.73077783,-10.68734509,-11.08890395
hsa-miR-151-3p(1),-8.913007414,-8.893374538,-8.140176919,-8.830533122,-9.320672919,-8.603583182,-10.55466397,-8.709831024,-8.857380267,-8.122733069,-7.971732861,-9.468390607,-9.18568084,-9.645315781,-9.021614,-7.303214852,-8.68701326,-8.932574862,-8.153442557,-8.56411341,-9.073956846,-9.551121574,-10.17757468,-9.881126731,-8.215226228
hsa-miR-484(1),-11.04126477,-10.60290037,-10.24438537,-10.13325717,-11.37063585,-10.45893662,-12.24597877,-11.45985272,-10.66580352,-11.17131435,-10.29247391,-11.10966069,-10.69144031,-11.90657855,-11.37121281,-11.78578923,-10.08326018,-11.50656673,-9.645883157,-10.83912061,-11.66311078,-11.58746355,-10.91601692,-11.09897598,-11.71475482
hsa-miR-129-2-3p(1),-13.554792,-13.01550998,-6.712706442,-10.2234555,-14.76565663,-9.682509648,-10.20940143,-13.33463343,-15.08858974,-13.7757384,-8.739076011,-11.50332566,-11.90003001,-13.53410784,-11.15618216,-7.786587286,-17.92437307,-7.450298391,-14.63144484,-15.97737226,-12.96579583,-13.78793026,-14.23947619,-14.88717445,-11.61410169
hsa-miR-101(2),-10.32248959,-8.111920342,-10.14852615,-8.839421268,-7.8232506,-9.811050735,-9.275849136,-5.17781723,-5.422406878,-5.412040793,-4.986034522,-5.92900879,-5.569841326,-5.390881098,-5.393933003,-5.809279341,-5.10363168,-6.153820931,-6.947252655,-5.732842383,-7.070341085,-6.485618965,-6.44171647,-6.505218236,-6.061514271
hsa-miR-660(1),-12.64723952,-12.00951942,-13.34660607,-12.00045878,-11.65610051,-13.01065602,-11.31046543,-10.21884384,-11.33939561,-11.93487477,-10.76574705,-11.22155429,-9.884086073,-10.88551958,-9.68450622,-10.64712615,-11.3942259,-9.523055186,-11.20175752,-10.75076429,-13.96578428,-10.34775053,-13.11580103,-10.74061303,-12.47659487
hsa-miR-20a(1),-13.01790123,-11.38119886,-10.67912311,-9.981248888,-9.527108185,-9.695309164,-10.22588953,-12.33432048,-12.26957675,-11.09435064,-10.79387294,-11.63132585,-11.73843751,-11.051529,-11.63492304,-12.25575264,-11.74003553,-12.23807464,-13.04629927,-8.946186974,-12.24324831,-9.618239945,-12.47987115,-11.53397094,-12.41426925
hsa-miR-153(2),-12.11862118,-11.80399203,-11.01571309,-11.29723305,-13.04870546,-11.73299093,-9.670316325,-8.615503741,-10.38789483,-11.38385656,-9.515713798,-11.85382353,-9.040205587,-11.70864329,-9.451933794,-7.351057482,-11.34580229,-8.531370092,-12.54106424,-9.048787217,-10.56667446,-10.24272382,-12.10313374,-10.49597956,-10.9597434
hsa-miR-450a(2),-14.58107132,-14.50530381,-29.89735285,-18.63878682,-16.92437307,-16.67003775,-17.20473735,-29.89735285,-14.93608405,-14.03917754,-15.32275933,-17.17668107,-13.06994812,-16.99422418,-14.10629174,-15.68364106,-16.00556915,-15.96809445,-14.67984948,-15.68364106,-15.68364106,-19.27164401,-19.52014232,-18.67455795,-16.20910254
hsa-miR-150(1),-13.73779683,-12.61669081,-14.57753963,-9.54036795,-12.67729578,-11.55973966,-13.54096966,-14.91810631,-14.79816944,-13.55305695,-13.2840238,-11.65218549,-14.16868828,-11.21268298,-10.93647417,-14.62414004,-11.48347292,-12.96600359,-10.95246639,-9.889340117,-12.15708457,-13.00203792,-16.71744376,-13.26890731,-15.7066022
hsa-miR-132(1),-12.58509916,-10.69139021,-10.75817126,-8.563276018,-12.97686043,-10.40507911,-7.393641616,-11.21884555,-8.991473045,-11.33877145,-9.400236824,-9.644367572,-8.309731889,-10.82411869,-7.919420701,-11.03611143,-11.73745689,-9.047134725,-12.46652465,-9.938927581,-11.27346779,-9.950409467,-9.96009399,-8.380272222,-10.82115312
hsa-miR-339-3p(1),-11.83937699,-12.54883216,-10.50962368,-11.91598626,-11.56767475,-11.78974242,-12.14942215,-9.919284843,-11.00087262,-11.27367494,-11.02689782,-11.00582426,-9.767390715,-11.70864329,-11.29185887,-10.29762884,-12.31271326,-11.05910607,-11.45103684,-12.15347829,-13.04433577,-11.49975342,-11.62432677,-11.24527816,-11.84488032
hsa-miR-146a(1),-10.84999459,-10.78951003,-12.85995605,-9.721204059,-11.1981566,-9.991321051,-11.84314602,-12.33432048,-11.05858902,-12.19121437,-12.81847238,-11.83589728,-14.33165573,-11.67211717,-12.9078253,-13.20337593,-12.07258674,-11.83671497,-10.90598325,-10.17679462,-10.5353213,-11.2273502,-14.82304411,-13.39396188,-11.83205769
hsa-miR-500a(1),-13.26791085,-14.13196315,-14.39551567,-13.56000971,-13.82723191,-12.09892535,-13.74372166,-13.92034131,-14.40174762,-14.27335709,-13.8462289,-13.92706718,-12.15666294,-13.60244497,-12.60088469,-12.31134874,-14.22559067,-11.60844624,-12.47171896,-13.13845301,-13.88936201,-14.62414004,-15.66853416,-13.56175315,-14.07607713
hsa-miR-497(1),-12.07526755,-9.07995303,-12.59130897,-9.898991059,-9.472469998,-10.93237749,-10.75839365,-10.49301996,-8.172123912,-8.939073445,-9.891705006,-7.942129718,-10.46904789,-8.297076036,-8.083777531,-11.21536987,-12.34509654,-9.381035319,-8.913921506,-9.108851963,-11.48139657,-8.080824612,-11.64561157,-10.84200156,-10.99811101
hsa-miR-193b(1),-14.42694818,-12.19756354,-12.85153988,-13.03717519,-10.21441997,-13.70274988,-12.2011324,-29.89735285,-13.55826837,-12.45424743,-14.04892552,-11.7163171,-29.89735285,-10.70864087,-12.49847559,-16.34660607,-14.13196315,-12.05910915,-13.14251753,-12.47824031,-14.60603824,-13.31833161,-17.35625624,-15.78589111,-15.87845723
hsa-miR-483-3p(1),-13.17853907,-13.0633016,-8.754246834,-13.40800661,-16.6775793,-15.87845723,-8.709713837,-29.89735285,-29.89735285,-16.3586789,-21.02698813,-17.17668107,-29.89735285,-16.99422418,-16.8475043,-29.89735285,-10.40941864,-29.89735285,-19.58674007,-18.14497221,-17.39800522,-29.89735285,-16.61832272,-19.41555342,-29.89735285
hsa-miR-328(1),-10.28633346,-10.75376536,-9.238889434,-9.839421929,-13.00636428,-9.626762092,-10.51929724,-10.01239387,-11.14973678,-10.85334303,-10.30952773,-11.19846849,-10.46904789,-11.2661225,-11.34903515,-11.97661039,-12.44130331,-10.75654555,-9.678572065,-10.65810163,-10.7073522,-10.80129404,-10.4631502,-9.84137012,-10.06405506
hsa-miR-1(2),-12.24371003,-12.59039225,-16.27621674,-11.82972943,-15.31098216,-8.300528876,-13.22510709,-29.89735285,-13.67418073,-15.3586789,-16.22007366,-12.08828816,-29.89735285,-15.99610882,-14.1216397,-7.839382608,-14.92257979,-29.89735285,-19.58674007,-10.30149806,-11.34312001,-12.83960434,-16.13455559,-15.32275933,-11.86840542
hsa-miR-210(1),-11.74199107,-13.10321625,-11.29481346,-10.47469262,-12.08602207,-10.39488424,-11.22748164,-13.33463343,-5.670013808,-12.00358325,-11.63962894,-11.50332566,-7.557936669,-11.99404173,-13.2625418,-12.53558038,-11.48424974,-10.44243712,-9.522067314,-11.13099218,-11.96341444,-11.27538328,-10.85985952,-10.35026252,-11.38277363
hsa-miR-26a(2),-6.489545448,-5.181162944,-5.775846923,-5.163577675,-4.352955351,-6.139962946,-5.324951514,-5.385292643,-5.360603545,-5.599171252,-5.526276634,-5.995429955,-5.852185791,-5.624806357,-5.957415545,-5.483161327,-5.487348188,-6.419759592,-6.281632976,-4.697983006,-6.495068086,-5.346402206,-6.50792291,-6.080668962,-6.32735845
hsa-miR-30e(1),-8.282047862,-8.442609274,-8.513766149,-8.44725821,-6.260584543,-8.392346254,-9.232166161,-7.198184992,-6.425765449,-6.371034035,-7.317590839,-7.317768517,-8.28684567,-6.810408401,-8.104353704,-6.282176865,-6.977677155,-7.366085394,-7.360104114,-6.47569081,-7.684302937,-7.175254523,-8.823672815,-7.953024695,-6.777747561
hsa-miR-144(1),-15.32275933,-12.85925907,-14.57753963,-13.31538734,-12.45355133,-10.16814372,-14.26765473,-29.89735285,-13.08833842,-9.918194247,-13.92706718,-9.583291881,-14.97737226,-9.79437119,-8.433877373,-10.12780553,-14.49527345,-9.083354868,-13.77776323,-11.33858463,-13.17078875,-13.85261723,-16.71744376,-15.0440433,-16.87498504
hsa-miR-501-3p(1),-12.82135151,-14.98671012,-14.44614174,-13.57050208,-14.59528518,-11.82353032,-14.09867856,-11.91928484,-13.93608405,-14.19010158,-12.69233285,-15.58816075,-12.69144509,-14.99610882,-12.68729037,-11.70148567,-14.69890781,-12.15864042,-12.80410037,-13.27969887,-13.54786428,-14.43651304,-16.00556915,-14.09110534,-13.75165948
hsa-miR-92a(2),-8.794861284,-8.390887878,-6.666055195,-7.447258462,-7.27385734,-6.30677357,-8.84761795,-6.805542051,-6.942736745,-7.50522623,-6.066294525,-6.701536422,-6.261954114,-6.387638608,-6.728139195,-7.511407271,-7.845273418,-8.72130148,-7.07775182,-5.88003341,-8.307148683,-8.052627171,-7.327825636,-7.735754393,-8.061471297
hsa-miR-93(1),-10.35236956,-9.669362119,-7.588028887,-8.815309093,-9.566574902,-7.677223434,-8.758872924,-8.246858953,-8.774443993,-8.664170301,-7.329499571,-9.305384993,-8.225299636,-10.0871531,-8.649017564,-8.701183001,-10.25501553,-9.490264583,-9.152920554,-9.023329084,-10.54331875,-7.874673834,-9.432438229,-9.747114694,-9.93897148
hsa-miR-34a(1),-8.247547177,-8.770369278,-8.759155438,-8.53052001,-10.43337356,-8.676837542,-9.106544615,-8.380125611,-9.865942408,-10.29504907,-10.33636518,-10.09893326,-10.10032626,-9.663127158,-9.52154023,-8.848411059,-8.384476427,-8.617270267,-10.20175752,-8.562544926,-11.051921,-8.517925304,-9.987976843,-9.131087629,-9.980820229
hsa-miR-425(1),-11.12229562,-11.29413945,-10.54309917,-11.33787493,-11.45355133,-9.468706435,-10.68486359,-10.59735563,-12.32751949,-12.00358325,-11.14897326,-11.74948712,-10.37692984,-11.94964744,-10.44927689,-11.91666657,-10.63740735,-10.53973427,-9.909504587,-10.62892736,-12.23266253,-11.02843688,-12.51396918,-10.28601461,-12.13316157
hsa-miR-142-5p(1),-13.62231961,-12.89953387,-14.37085361,-10.95058362,-12.73047386,-11.5222625,-14.60964047,-13.33463343,-12.2809835,-11.63321726,-12.66354596,-12.04646404,-13.16948557,-10.99404468,-9.662459427,-12.97952627,-10.76005397,-11.96599782,-12.14251753,-9.623032718,-11.7366,-12.06994812,-16.27621674,-13.62961517,-13.2891558
hsa-miR-190b(1),-12.53203001,-13.20751864,-17.69278171,-14.35262986,-12.45355133,-14.34961482,-16.91008884,-29.89735285,-14.55652914,-17.36110564,-15.7066022,-14.85261723,-13.11886499,-14.18740747,-14.19010158,-13.09500058,-15.4655941,-11.57368232,-14.2283571,-14.4655941,-17.74570202,-12.06116069,-18.20473735,-15.21457767,-17.13663291
hsa-miR-141(1),-7.56493599,-6.293331673,-8.457765426,-7.02340866,-5.198715422,-8.083663243,-7.357812994,-4.919284232,-5.121321698,-5.486156623,-5.625610442,-5.698244142,-4.959281677,-5.211659796,-5.702385569,-4.954273349,-5.083070423,-4.808967105,-5.770446294,-5.111863767,-6.588997435,-5.745769683,-7.007280474,-6.170231139,-4.987835289
hsa-miR-100(1),-9.906923374,-8.5996585,-10.81020342,-8.493380738,-10.27193295,-9.663006686,-11.31486536,-10.21884384,-8.083958374,-8.436325619,-7.609021545,-8.027273025,-10.93244798,-8.126765173,-6.912695892,-10.79796908,-8.416984196,-11.26555766,-7.600509725,-8.752372297,-9.049704388,-8.529705619,-11.18423153,-10.37797575,-8.868301583
hsa-miR-29c(1),-8.010499011,-7.490490278,-8.266874634,-7.379450673,-6.427062754,-8.72215054,-6.900698008,-7.60640115,-7.656489042,-7.604581606,-7.592317031,-7.800340836,-8.169762228,-7.095442451,-8.436919456,-5.75825793,-7.02584688,-7.075217162,-8.88227679,-5.945289462,-7.629355492,-6.612982688,-8.409934271,-7.254055702,-8.044685435
hsa-miR-143(1),-7.197941588,-5.158558283,-8.125523697,-5.732918802,-7.235010009,-6.472833363,-7.599374217,-3.783574926,-2.544524388,-3.686283645,-4.808800095,-2.776137702,-6.08354192,-5.492206585,-3.631187925,-4.708179205,-5.95310424,-4.382445248,-4.393362143,-3.491086302,-3.925329813,-4.488704686,-7.118592105,-6.626473986,-4.716464787
hsa-miR-199a-3p(3),-9.7642947,-6.645645953,-11.79391136,-8.107647686,-7.994117503,-9.893579678,-9.051589475,-7.942004121,-6.522708133,-6.727243652,-7.865932984,-5.24796778,-8.136049983,-5.300992458,-4.084278552,-10.71357695,-9.186235424,-8.095633445,-4.988864851,-8.418869087,-9.034596707,-7.459382406,-9.815250603,-9.334148201,-9.058171368
hsa-miR-17(1),-12.40781845,-11.25290858,-8.675415915,-10.18896608,-9.878326875,-9.477644651,-10.09252229,-10.45985272,-11.35739136,-10.77617603,-10.22458914,-11.13858636,-10.61052214,-11.2661225,-11.20481227,-12.15997346,-13.05154431,-13.57401656,-11.47171896,-9.292008081,-12.49570666,-10.20950392,-11.80010255,-12.10451809,-12.55468784
hsa-miR-222(1),-8.981119111,-7.786378972,-12.92025185,-7.391530399,-9.814742491,-9.033537117,-11.29271638,-6.880365237,-11.05858902,-7.587998631,-6.512378385,-9.400962278,-7.392820665,-9.584652666,-9.411152214,-8.024014261,-11.82183192,-7.470143096,-9.993004888,-7.885021919,-8.92953628,-8.368906374,-9.098930891,-9.574755695,-8.817989822
hsa-miR-129-5p(2),-11.36029754,-11.93364958,-7.179118299,-10.01137354,-14.34060733,-8.570694606,-12.67244676,-8.988546864,-12.47689914,-11.36113979,-8.376008336,-9.482262041,-8.523572736,-13.29349473,-9.244006546,-6.522954086,-13.92034131,-5.245753934,-8.236181051,-14.35565121,-11.60987944,-12.00671451,-10.63950006,-12.65697144,-8.410762321
hsa-miR-582(1),-14.42694818,-14.22282953,-15.27621674,-14.42694818,-14.7737164,-14.04160837,-13.07751057,-13.92034131,-29.89735285,-14.36171296,-14.33761729,-14.36780029,-13.58461168,-15.99610882,-13.51034527,-11.47462693,-14.31098216,-12.26555766,-17.58674007,-17.14497221,-15.20364811,-13.00764689,-15.27621674,-14.39551567,-16.75844114
hsa-miR-342(1),-10.3704525,-9.981353886,-8.143382068,-9.265306391,-11.30867847,-9.799796476,-10.16724929,-12.33432048,-10.05858749,-10.74642801,-8.928773943,-11.62116028,-10.55899077,-11.94964744,-9.800475591,-11.89722628,-11.85298542,-12.15864042,-10.10770459,-10.17152731,-11.88453193,-9.674882207,-12.48628053,-11.7996036,-11.97175206
hsa-miR-15a(1),-11.55335609,-9.540663403,-11.47367883,-9.523340744,-9.59655122,-9.97477571,-9.938222542,-12.01239536,-9.97748861,-10.3781447,-10.18235278,-10.40756564,-10.04610555,-9.708642079,-9.294107754,-8.620553139,-12.32590386,-10.15864372,-11.95246925,-8.627616055,-12.42942099,-9.700430208,-11.87773498,-10.52058094,-12.30477172
hsa-miR-217(1),-13.60964047,-7.919408477,-15.95887592,-6.973302609,-4.965088577,-8.242753534,-6.428460631,-14.91810631,-13.79816944,-5.853838804,-18.02467797,-6.547303938,-16.97737226,-6.689122068,-15.40174762,-29.89735285,-7.013446245,-14.96809445,-12.23673712,-8.05803679,-9.555398673,-13.77776323,-17.35625624,-17.53650577,-10.99606462
hsa-miR-23a(1),-9.376835839,-7.639250963,-8.705108207,-8.013430215,-9.362268316,-8.275893852,-8.396753101,-9.137924621,-7.707032316,-8.885404273,-8.348540351,-7.919540854,-7.742624966,-8.34478741,-6.860339189,-10.9408746,-9.626734719,-7.935330959,-7.444313116,-9.912721618,-9.77898964,-7.524264685,-7.470845968,-7.809468899,-8.7902616
hsa-miR-135a(2),-11.7737164,-15.89594466,-6.941859911,-8.800243395,-11.53936279,-13.86332771,-8.818335603,-29.89735285,-10.83199457,-15.77776323,-10.74066486,-11.68389735,-12.8893839,-13.40957561,-14.15020886,-13.19319253,-12.26884323,-10.96599782,-14.23947619,-8.68753482,-8.623475888,-16.68820414,-15.87845723,-16.0440433,-12.19749577
hsa-miR-874(1),-9.673487834,-10.72866115,-7.44294235,-9.340166842,-13.94743497,-9.813311382,-12.85679556,-9.561732429,-9.823632287,-11.02128862,-8.816035865,-11.47530863,-9.06695061,-11.82412131,-10.04504433,-11.26255953,-9.959875581,-8.727593577,-10.2680496,-10.81502446,-9.877775699,-10.69287007,-10.76863853,-9.010623274,-8.72657446
hsa-miR-33b(1),-16.09362533,-17.37085361,-29.89735285,-16.72993471,-16.88019647,-16.80724043,-13.34810966,-11.59735787,-11.40028069,-13.36171296,-10.29927127,-9.937345264,-11.62811657,-11.63649303,-9.41589928,-11.36184205,-14.76164357,-8.648585586,-10.47432725,-12.47351473,-15.56000971,-12.46521063,-12.73729434,-11.18946465,-14.09362533
hsa-miR-16(2),-9.361020254,-7.165528164,-8.92025674,-7.366595054,-7.462297139,-6.99490082,-8.506736736,-8.395722158,-8.523550438,-8.823298305,-8.678465665,-9.239111729,-9.118862586,-9.690263443,-10.23482703,-7.344460763,-10.54845184,-7.786089167,-11.37600929,-6.638201247,-10.59286784,-8.301640995,-10.27094687,-9.284440274,-10.73395132
hsa-miR-135b(1),-17.77776323,-15.63878682,-17.27850855,-17.3156815,-14.44936564,-18.12834153,-18.3856002,-29.89735285,-29.89735285,-15.03917754,-16.89594466,-17.17668107,-29.89735285,-13.08715781,-19.12421365,-18.12009754,-15.81886844,-29.89735285,-10.3438848,-14.35565121,-15.87845723,-18.42567764,-19.52014232,-20.99648605,-20.458561
hsa-miR-324-5p(1),-9.832343071,-11.16808728,-8.090456363,-9.469664562,-12.91960338,-8.488444748,-9.520158213,-9.671357035,-11.7664053,-11.74643049,-10.26476938,-12.47531273,-10.17594321,-13.08715781,-10.85842851,-11.39651486,-11.44837353,-10.47414459,-11.1056812,-11.39774829,-11.93741882,-11.29413945,-10.79048581,-10.64367384,-11.59231091
hsa-miR-181c(1),-12.80355362,-12.33273443,-9.881204281,-11.20663186,-11.80888032,-9.98366138,-13.25035827,-12.91927926,-9.73469846,-12.00358325,-9.961419528,-11.78343268,-9.982490387,-12.13606135,-10.72677492,-12.86180197,-14.51878704,-11.50656673,-10.8643628,-14.01748247,-12.92343132,-11.18457063,-11.25139896,-11.28773763,-12.36156111
hsa-miR-32(1),-15.51878704,-14.24787212,-14.57753963,-14.24506804,-13.37085361,-15.22007366,-13.07207105,-12.33432048,-11.04880632,-9.64003868,-9.67179118,-10.09893326,-10.16948889,-9.844296686,-10.08114729,-8.93389651,-11.66950192,-9.506566725,-10.90950597,-9.752908697,-12.10880656,-9.941868957,-11.74383546,-10.13650948,-13.24042528
hsa-miR-216a(1),-17.62414004,-9.82176925,-17.69278171,-9.055882179,-7.776829241,-9.008707695,-8.405593197,-29.89735285,-15.94061371,-8.814243649,-29.89735285,-8.867410545,-29.89735285,-9.039847131,-18.00556915,-19.93156857,-8.230856638,-14.96809445,-15.06367211,-9.765841249,-11.53001489,-14.92257979,-19.52014232,-18.41051783,-13.51709473
hsa-miR-374a(1),-11.99339454,-11.0636999,-12.30052979,-11.11744758,-10.72862443,-11.75890605,-10.65337236,-9.874890215,-9.403391889,-9.753807709,-9.280865033,-10.17574963,-9.748024987,-10.21268469,-9.844205182,-8.297060154,-9.987010228,-9.943630983,-11.35184157,-8.432841504,-11.04244491,-9.593610003,-12.31574033,-10.50546948,-10.49308441
hsa-miR-98(1),-9.414999828,-9.060359442,-8.61789303,-9.717817895,-10.96956043,-10.73053024,-8.94028483,-10.70983163,-10.66782285,-11.82197817,-11.08815938,-11.86831911,-10.8498295,-11.88635497,-10.47478706,-9.145966526,-9.49429921,-11.03999749,-13.0270363,-9.760574466,-11.26037075,-10.91987447,-11.2224882,-10.40665472,-10.3955351
hsa-miR-186(1),-9.714014301,-9.503378012,-9.075684737,-8.820899307,-9.308677558,-10.43959525,-9.151627657,-10.39572167,-10.25825949,-9.553783245,-10.10439261,-10.90896218,-10.95447472,-10.53461279,-12.02249154,-8.501893505,-10.50753039,-9.836714967,-9.416790419,-9.190775897,-10.25364989,-10.25742575,-11.31087587,-10.76559886,-10.1523893
hsa-miR-454(1),-13.33463343,-12.93121921,-11.7542487,-12.31515206,-12.84307711,-13.63694782,-11.30749327,-13.33463343,-13.86547938,-15.03917754,-14.23112885,-15.58816075,-15.17134762,-14.18740747,-14.61687204,-12.98537578,-14.48531234,-14.38005255,-15.99610882,-11.90753707,-15.01509192,-12.80495701,-15.03432814,-13.4655941,-16.20910254
hsa-miR-145(1),-9.415926874,-6.929873096,-10.09541404,-7.518790748,-9.801104829,-7.481685348,-8.023773567,-9.919284843,-8.255444878,-9.746428013,-10.22620747,-7.566570799,-11.51741189,-9.206140958,-8.44839318,-10.30951126,-9.153629472,-9.699211204,-8.550663292,-8.068012968,-8.213746942,-7.449951756,-11.33537136,-10.07646806,-10.28841226
hsa-miR-199b-5p(1),-13.39862828,-10.23696866,-16.69278171,-11.08375953,-10.65610051,-14.89594466,-14.07857098,-11.91928484,-9.316713359,-9.571082478,-11.14234143,-8.622427064,-12.11886499,-9.034041479,-7.408736966,-13.24371003,-11.98983427,-10.96599782,-8.138549772,-10.14125266,-11.27642786,-10.19574688,-14.55652914,-12.28488027,-10.31365854
hsa-miR-26b(1),-8.244931045,-7.798232062,-7.75473657,-7.39207409,-6.818336254,-8.030794574,-6.931197729,-8.280196614,-7.676117996,-8.699359925,-8.680824264,-9.014214393,-8.877942658,-7.809986812,-8.224611584,-7.40266033,-7.167060807,-8.503863935,-9.278637575,-7.346075722,-8.674531424,-8.100280329,-8.528133069,-8.303732407,-8.723048261
hsa-miR-29b(2),-7.854505865,-7.531201423,-6.883881768,-6.551886153,-8.157422713,-9.244919228,-6.067099563,-5.746006824,-7.460598365,-7.32268542,-6.171619131,-7.452942013,-6.715336232,-7.262724793,-8.060992316,-5.518864501,-8.189858486,-6.487552131,-9.144593288,-6.74390643,-7.857298635,-6.048480191,-7.921722461,-6.943743401,-8.929837388
hsa-miR-197(1),-13.02398084,-12.65386272,-12.43232061,-12.31515206,-12.46990087,-12.46425648,-13.34510404,-12.91927926,-11.7664053,-11.63321726,-10.76104758,-11.62116028,-11.67306378,-10.74611577,-11.19571135,-12.63327684,-13.32423826,-11.10801663,-8.392553259,-11.06734527,-13.44936564,-11.96878243,-12.92528177,-11.95515911,-13.11973794
hsa-miR-330(1),-11.43749703,-13.14989412,-11.3120235,-12.99322396,-14.34060733,-10.83957525,-10.30156361,-11.11192912,-13.08833842,-12.45424743,-11.5742761,-13.26886459,-11.84756279,-14.67229608,-13.76968089,-13.44453249,-12.79519259,-14.38005255,-13.58461168,-13.72016693,-12.29731656,-14.8483552,-11.49452814,-13.10199804,-12.20692512
hsa-let-7e(1),-7.245079423,-7.529731211,-6.53547171,-6.780641964,-8.771607697,-7.167962794,-7.735439838,-8.401221248,-9.281981849,-9.621154598,-9.695384518,-9.814858132,-8.337394215,-9.487597312,-10.02320748,-9.286575803,-8.28047471,-8.970739787,-11.0395328,-9.071831137,-8.93491855,-9.281489769,-9.017708285,-8.443988264,-9.116653705
hsa-miR-106b(1),-10.42989258,-9.474028654,-8.245762857,-9.58270987,-10.17006388,-10.16622113,-9.831433212,-9.086394535,-8.939717265,-8.88135803,-8.372308123,-8.876541069,-7.933132571,-8.941475954,-8.242664387,-7.872401921,-8.967450116,-9.276000281,-9.353041143,-8.938439114,-10.09046344,-8.663129497,-9.647528768,-9.753647041,-10.13597206
hsa-miR-124(3),-16.11394531,-18.3806679,-9.512936914,-10.96465654,-18.59814484,-18.54200176,-10.88005508,-29.89735285,-17.25124421,-29.89735285,-21.03937186,-17.18956236,-29.89735285,-15.98671012,-20.12091982,-29.89735285,-20.22492751,-29.89735285,-10.77814067,-29.89735285,-20.19691314,-22.61195064,-20.53980085,-19.41555342,-15.32868416
hsa-miR-671-5p(1),-11.1836408,-13.8741183,-10.98318674,-12.04462829,-14.25349666,-11.02368346,-13.9383471,-29.89735285,-14.44936564,-14.77776323,-14.8741183,-29.89735285,-14.16868828,-29.89735285,-16.12421365,-12.97370039,-14.62050147,-13.64431793,-16.58107132,-14.40800661,-13.27939761,-16.48531234,-18.20473735,-16.99610882,-12.10203609
hsa-miR-383(1),-19.32749725,-21.8861256,-14.69125424,-18.63878682,-19.93156857,-20.12916853,-29.89735285,-14.91810631,-29.89735285,-29.89735285,-29.89735285,-29.89735285,-17.97551192,-16.99422418,-16.8475043,-9.709332744,-23.9246602,-29.89735285,-29.89735285,-29.89735285,-29.89735285,-21.59357211,-29.89735285,-29.89735285,-20.458561
hsa-let-7f(2),-6.069501875,-4.863940565,-5.275171025,-5.742696266,-5.402605832,-6.230605709,-5.788588499,-7.234605606,-7.063589312,-7.651709339,-6.743142762,-7.321192623,-6.244006218,-6.717151693,-6.366232965,-5.631864996,-5.036451207,-7.037213278,-9.033273286,-5.725632401,-6.580920359,-7.088332333,-7.413049658,-7.180336054,-6.760387236
hsa-miR-223(1),-10.95032953,-11.8322681,-12.93796213,-9.802611484,-10.75906355,-8.816710309,-12.31138541,-29.89735285,-14.35262986,-13.36171296,-13.4787096,-14.36780029,-14.97737226,-12.18668765,-10.83743545,-16.40800661,-15.02949499,-13.96578428,-11.28625599,-11.59391099,-12.15435929,-12.76318728,-17.2025597,-12.98559808,-14.8741183
hsa-miR-652(1),-9.615403589,-10.89077475,-8.456831895,-9.342462398,-12.00636428,-7.568544275,-12.54250947,-9.790001666,-10.78252773,-11.55378108,-10.22458914,-11.1313546,-10.04610555,-11.08715467,-10.49359808,-9.330309406,-11.76871908,-7.862710368,-11.51399872,-11.06379254,-11.52296709,-10.40497544,-11.93274124,-10.1442912,-10.97980886
hsa-miR-28-5p(1),-12.19907549,-11.42376204,-11.61602951,-10.43863786,-10.33885553,-14.08607852,-12.83522237,-29.89735285,-11.79882723,-11.36113979,-12.4843944,-10.47531068,-12.24892505,-10.2661225,-11.70361576,-11.14571727,-12.13090806,-9.977314087,-10.22900972,-10.08254667,-11.55135862,-10.70024177,-12.7243004,-11.21136878,-12.31748452
hsa-miR-1307-3p(1),-9.780645929,-12.06011299,-9.378451941,-10.66841676,-13.8377549,-9.153028964,-12.37079248,-9.874890215,-10.89193664,-11.40694067,-11.58462054,-11.96629798,-11.55057944,-12.67211717,-11.32610757,-9.389222482,-12.17357194,-9.965997819,-10.86094847,-11.89170089,-10.8777757,-11.42268835,-11.76364369,-10.7394336,-10.19280411
hsa-miR-1247(1),-16.19821423,-13.80848182,-29.89735285,-12.85572578,-15.40174762,-16.80724043,-17.50664648,-12.91927926,-16.25349666,-12.55378541,-16.77776323,-12.7834276,-17.97551192,-11.70864329,-12.42471754,-29.89735285,-20.1176335,-12.50656253,-12.27257881,-12.725277,-16.74411752,-17.23780286,-29.89735285,-15.43971547,-14.48200719
hsa-miR-320(1),-6.465018299,-8.536180103,-5.637450583,-6.332874329,-8.019087107,-6.925786497,-9.452833324,-7.435468535,-9.711365601,-9.19623087,-9.208905315,-9.524698185,-9.078997707,-9.645315781,-9.035936489,-7.242928348,-9.602768001,-7.671377328,-9.385790315,-9.071800082,-7.59433443,-8.587112864,-10.04138031,-9.654190495,-7.066735911
hsa-miR-615(1),-20.32370567,-16.97737226,-14.52217763,-16.17668107,-17.22448558,-17.32275933,-17.93156857,-29.89735285,-15.45259676,-17.36110564,-17.85432557,-14.36780029,-16.39551567,-14.18740747,-16.15546458,-29.89735285,-17.6775793,-29.89735285,-8.095865118,-19.14916,-21.2038659,-16.56699614,-15.76968089,-14.88717445,-18.46168259
hsa-miR-324-3p(1),-11.77822935,-13.10212489,-10.60538405,-11.19000046,-13.7757384,-10.3465948,-12.2470724,-11.59735787,-11.734696,-12.96882291,-11.17061914,-12.1313546,-10.63699377,-12.53461279,-10.90054839,-11.43404003,-12.31409376,-10.26555766,-11.44080592,-12.37335452,-12.19858037,-11.4905458,-12.19876348,-11.20891812,-12.0417361
hsa-miR-455-5p(1),-12.10402262,-12.87598244,-29.89735285,-13.93608405,-12.60329756,-13.25922809,-16.98858497,-10.91928484,-10.66580352,-11.19121437,-9.635319964,-12.7163171,-9.816972497,-12.23915532,-10.38524899,-11.26968361,-16.15546458,-8.988718354,-11.20608301,-11.68105696,-13.94743497,-12.02748795,-11.76032671,-11.33861079,-13.22118915
hsa-miR-670(1),-16.73779683,-15.73779683,-11.47045342,-15.17668107,-20.9258093,-13.54441285,-13.01199012,-29.89735285,-14.67229608,-14.55305695,-13.15512238,-17.17668107,-14.27621674,-15.99610882,-12.58395606,-10.06370916,-18.7552458,-10.38103532,-14.63144484,-16.92437307,-15.11907034,-17.59528518,-14.52557621,-14.97272589,-14.27050309
hsa-miR-365(2),-14.91364666,-13.16351661,-13.66290961,-14.27908207,-11.06569305,-14.04160837,-13.15846893,-29.89735285,-17.25801215,-16.3586789,-12.5019275,-15.17668107,-16.39551567,-14.40800661,-15.03432814,-14.21457767,-14.59886064,-29.89735285,-17.2625418,-13.07269239,-14.95428865,-15.77776323,-29.89735285,-18.41051783,-14.72993471
hsa-miR-760(1),-14.03675081,-16.17668107,-11.36492083,-13.11352331,-14.18471839,-12.52968216,-17.48796192,-8.20503874,-10.83199457,-12.55378541,-14.23112885,-10.03619778,-10.28335661,-8.478343728,-12.80461636,-13.02702426,-14.37391341,-8.826447081,-12.91303454,-11.64609699,-13.61868561,-13.26582051,-12.97830333,-12.31032254,-10.53626151
hsa-miR-532-3p(1),-14.04648234,-14.21732305,-13.72406611,-13.40800661,-13.78589111,-13.29639462,-13.77776323,-29.89735285,-13.35112155,-15.03917754,-12.33200529,-12.59078379,-11.80691992,-12.74611825,-14.24506804,-13.20679553,-14.11650555,-10.53973427,-11.94160647,-13.20734124,-15.32275933,-13.25686783,-14.66853416,-13.05430284,-14.81470481
hsa-miR-15b(1),-14.08357166,-11.14313407,-12.02514091,-11.64273017,-11.47607695,-11.60602924,-12.66891931,-13.92034131,-12.40028069,-12.38385656,-12.51769528,-12.17574629,-11.78701739,-11.94964744,-11.07749498,-11.58249085,-13.86979237,-11.05910607,-13.08561442,-11.68105696,-13.90034984,-12.53379127,-11.60335592,-12.22039032,-13.81470481
hsa-miR-30b(1),-10.01466652,-8.012027738,-8.591307858,-8.854084545,-7.941044767,-9.50418553,-9.380455386,-9.70983042,-9.376625802,-8.642331202,-9.058622873,-8.85684506,-9.30678956,-7.925265636,-7.74540913,-7.928262544,-9.14863914,-9.288913021,-7.685791871,-8.731725099,-9.349466114,-8.604593119,-9.445378129,-8.85333235,-9.729688481
hsa-miR-125a(1),-5.492992085,-5.440041995,-6.199824536,-5.847651264,-7.012711107,-5.691906349,-7.013860099,-6.257506097,-7.028840173,-6.478494879,-5.382873251,-7.363572103,-5.894694475,-7.140734233,-6.410111916,-6.905614952,-6.884904436,-6.689873749,-6.056845747,-7.038833381,-6.419110921,-6.436354105,-6.80687695,-6.047358835,-6.299088128
hsa-miR-339-5p(1),-11.36826932,-11.86968979,-10.22252612,-11.0521201,-10.47711093,-11.05010889,-12.8598059,-9.218844695,-9.618015461,-10.13231933,-7.929185654,-10.02600255,-9.022646857,-10.39413077,-9.856863789,-11.10134811,-10.78285304,-10.15864372,-9.440803916,-10.57735225,-11.82699602,-9.641384951,-10.30481734,-9.871407669,-10.93602752
hsa-miR-1269(1),-21.32370567,-20.46899268,-18.27621674,-17.63584554,-29.89735285,-29.89735285,-20.34660607,-29.89735285,-29.89735285,-29.89735285,-13.94971592,-29.89735285,-17.97551192,-29.89735285,-21.7075283,-29.89735285,-9.332720479,-13.96578428,-29.89735285,-29.89735285,-29.89735285,-21.00860961,-29.89735285,-20.99648605,-16.28771238
hsa-miR-99b(1),-8.088525726,-7.358219134,-6.855743662,-7.821899819,-9.688016107,-7.304833541,-8.653232371,-6.211925096,-7.136402713,-6.596266432,-5.613018487,-7.889191671,-6.051660003,-8.245850882,-7.522471241,-7.477973571,-8.28051643,-7.518914841,-6.820176113,-8.237673951,-8.208968494,-7.67996515,-7.080051603,-7.558548749,-7.477576768
hsa-miR-214-5p(1),-14.89594466,-13.61868561,-29.89735285,-13.72993471,-13.4333177,-16.4333177,-16.3586789,-29.89735285,-11.53033917,-12.11321008,-13.87628613,-11.85382353,-13.65544416,-10.72725664,-9.925767203,-16.60964047,-15.57401656,-15.96809445,-10.24784054,-15.20910254,-14.93608405,-12.34418858,-16.00556915,-14.11394531,-13.85903397