Pathological_type,overall_rank,MI,RankFeaturesROC,RankFeaturesWil,Relieff,TreeBagger,decisionTree,ensembleBag,ensembleGentleBoost,ensembleRUSBoost,iterSeq_knn,iterSeq_tree,iterSeq_ensbl,iterSeq_svm,iterSeq_quadrLDA,median expr Pancreatic,median expr Rectal,fold change,log2 fold change,MannWhitney Utest,Effectsize r
hsa-miR-196b(1),1,0.907530523,0.969620253,0.996624473,0.992405063,0.452641964,0.2,0.82013814,0,0.700752374,0,0,0,1,0,0.00000251,0.000259881,103.538247,-6.694019987,0.000609683,-0.685453961
hsa-miR-375(1),2,0.662736158,0.604219409,0.908860759,0.975527426,0.400130394,0.15,0.723855262,0,0.605898341,1,0,1,0,0,0.140417403,0.515023408,3.667803257,-1.874916254,0.052298496,-0.388133705
hsa-miR-504(1),3,0.740813545,0.946835443,0.989029536,0.994092827,0.399699687,0.15,0.783840163,0,0.7743436,0,0,0,1,0,0.0000104,0.000189982,18.2675,-4.191207302,0.001047319,-0.655499376
hsa-miR-410(1),4,0.386558564,0.958649789,0.869198312,0.870886076,0.270524259,0.555555556,0.7461806,1,0.795533651,0,0,0,0,0,0.000360507,0.00000299,120.570903,6.913737978,0.000836292,0.668099001
hsa-miR-323b(1),5,0.408952098,0.967932489,0.877637131,0.799156118,0.280372392,0.4,0.7461806,0,0.795533651,0,1,0,0,0,0.000091,8.88E-07,102.5352113,6.679975616,0.000834359,0.668227519
hsa-miR-323a(1),6,0.3033152,0.951898734,0.856540084,0.612658228,0.285545005,0.2,0.7461806,0,0.795533651,0,0,0,0,1,0.0000843,0.000001143,73.75328084,6.204635323,0.00104966,0.655373306
hsa-miR-487b(1),7,0.372883578,0.9907173,0.910548523,0.572995781,0,0.8,1,0,1,0,0,0,0,0,0.000320778,0.000003095,103.6439418,6.695491981,0.00032438,0.719001782
hsa-miR-429(1),8,0.717753515,0.936708861,0.992405063,0.9907173,0.495194088,0.155555556,0.698289485,0,0.608921009,0,0,0,0,0,0.001559104,0.007423,4.761067895,-2.251285203,0.00104966,-0.655373306
hsa-miR-1301(1),9,0.482308513,0.984810127,0.894514768,0.885232068,0.114154683,0.491176471,0.880175751,0,0.845396167,0,0,0,0,0,0.000328514,0.00001235,26.60032389,4.733371907,0.000524831,0.693550392
hsa-miR-409-5p(1),10,0.377004582,0.974683544,0.886075949,0.767932489,0.475318318,0.555555556,0.752024441,0,0.767397153,0,0,0,0,0,0.000129095,3.25E-06,39.73987994,5.312515609,0.000662178,0.680955662
hsa-miR-137(1),11,0.990069347,0.748523207,0.965400844,0.984810127,0.75839373,0.128571429,0.426507732,0,0.502982308,0,0,0,0,0,0.0000427,0.002335786,54.70223653,-5.773527915,0.01187811,-0.503148993
hsa-miR-192(1),12,0.639379315,0.858227848,0.979746835,0.956118143,0.671139732,0.155555556,0.500230527,0,0.54491151,0,0,0,0,0,0.007390663,0.022949745,3.105234943,-1.634702427,0.00379043,-0.579019134
hsa-miR-382-5p(1),13,0.490724609,0.928270042,0.829535865,0.875949367,0.145574162,0.323809524,0.679570869,0,0.707373691,0,0,0,0,0,0.000341125,0.0000131,26.04007634,4.702661773,0.001312475,0.642647611
hsa-miR-134(1),14,0.588304162,0.917299578,0.810970464,0.959493671,0,0.455555556,0.635817147,0,0.600725806,0,0,0,0,0,0.000700145,0.00002225,31.46719101,4.975776494,0.001634888,0.629921915
hsa-miR-147(1),15,0.689289466,0.857383966,0.981434599,0.975527426,0.254556232,0.15,0.548387495,0,0.508257232,0,0,0,0,0,0.0000543,0.000302503,5.570957643,-2.477925347,0.00378371,-0.579130516
hsa-miR-329(2),16,0.378621273,0.946835443,0.854852321,0.833755274,0.270524259,0.272222222,0.743632276,0,0.654608908,0,0,0,0,0,0.0000408,0.00000354,11.52542373,3.526747887,0.00104966,0.655373306
hsa-miR-128(2),17,0.593872995,0.808438819,0.972151899,0.966244726,0.2,0.155555556,0.679817455,0,0.577953956,0,0,0,0,0,0.0005198,0.001377831,2.650693536,-1.40636988,0.005642937,-0.553567744
hsa-miR-1224-5p(1),18,0.589345663,0.732489451,0.956962025,0.952742616,0.354224294,0,0.724201331,0,0.605898341,0,0,0,0,0,0.000237869,0.000943326,3.965737444,-1.987589165,0.020209289,-0.464487877
hsa-miR-485-5p(1),19,0.357569631,0.95021097,0.85907173,0.628691983,0.285975712,0.2,0.743372725,0,0.783440333,0,0,0,0,0,0.000144367,0.00000265,54.47811321,5.767604833,0.000836292,0.668099001
hsa-miR-200b(1),20,0.635093895,0.879324895,0.983966245,0.938396624,0.114154683,0,0.570634573,0,0.563203102,0,0,0,0,0,0.007339897,0.012619718,1.719331756,-0.781847949,0.002508182,-0.604470525
hsa-miR-377(1),21,0.355239092,0.919831224,0.815189873,0.734177215,0.254125525,0.272222222,0.68129194,0,0.627105863,0,0,0,0,0,0.000188326,0.00001445,13.03294118,3.704090792,0.001634888,0.629921915
hsa-miR-424(1),22,0.476807435,0.916455696,0.810970464,0.912236287,0.169023609,0,0.684630845,0,0.676112089,0,0,0,0,0,0.00023434,0.000029,8.080689655,3.014478427,0.001631501,0.630043089
hsa-miR-10a(1),23,0.618484984,0.620253165,0.933333333,0.97721519,0.313912112,0,0.524222061,0,0.574608084,0,0,0,0,0,0.001274186,0.004947047,3.882515582,-1.956991715,0.045038255,-0.400859401
hsa-miR-23b(1),24,0.549190147,0.897046414,0.78649789,0.89535865,0,0.15,0.665641823,0,0.559565215,0,0,0,0,0,0.004339785,0.000884213,4.908079223,2.295158536,0.002028817,0.61719622
hsa-miR-126(1),25,0.537818842,0.842194093,0.713080169,0.875949367,0,0.15,0.739456564,0,0.610522667,0,0,0,0,0,0.007041582,0.001571234,4.481563052,2.164001994,0.005642937,0.553567744
hsa-miR-1185-1-3p(1),26,0.337018503,0.93164557,0.829535865,0.676793249,0.270524259,0.2,0.65542053,0,0.55801619,0,0,0,0,0,0.0000446,0.00000232,19.22413793,4.264847,0.001309653,0.642771232
hsa-miR-433(1),27,0.191877702,0.938396624,0.842194093,0.375527426,0.124950097,0.4,0.7461806,0,0.795533651,0,0,0,0,0,0.000108777,0.000002885,37.70433276,5.236658414,0.001047319,0.655499376
hsa-miR-654(1),28,0.412008122,0.816033755,0.691983122,0.782278481,0.285975712,0.116666667,0.665589861,0,0.626953501,0,0,0,0,0,0.000129095,0.0000113,11.42433628,3.514038447,0.004633499,0.566293439
hsa-miR-432(1),29,0.31866054,0.960337553,0.870886076,0.48185654,0,0.2,0.771927903,0,0.786389582,0,0,0,0,0,0.00046605,0.00000618,75.41262136,6.236734094,0.000836292,0.668099001
hsa-miR-200a(1),30,0.55126343,0.778059072,0.967088608,0.965400844,0.270524259,0,0.403655482,0,0.410800993,0,0,0,0,0,0.007855399,0.018039533,2.296450187,-1.19940549,0.008276382,-0.528116353
hsa-miR-494(1),31,0.342366391,0.908860759,0.808438819,0.670042194,0.285975712,0,0.721733199,0,0.60505719,0,0,0,0,0,0.000046,0.00000258,17.82945736,4.15619089,0.001634888,0.629921915
hsa-miR-411(1),32,0.466075064,0.865822785,0.745991561,0.640506329,0.124950097,0.272222222,0.634383508,0,0.506884927,0,0,0,0,0,0.000329496,0.00001475,22.33871186,4.481474092,0.003089155,0.59174483
hsa-miR-1185-5p(2),33,0.302880808,0.788185654,0.679324895,0.411814346,0.124950097,0,0.38092931,0,0.566806853,0,0,0,1,0,0.0000258,0.00000282,9.14893617,3.193603998,0.006729357,0.541989781
hsa-miR-140(1),34,0.402483637,0.827848101,0.702953586,0.819409283,0.124950097,0.2,0.635591697,0,0.534838372,0,0,0,0,0,0.001960484,0.000758228,2.585612771,1.370506229,0.005642937,0.553567744
hsa-miR-539(1),35,0.326486329,0.859915612,0.762869198,0.646413502,0.280372392,0.2,0.585129462,0,0.544776445,0,0,0,0,0,0.0000529,0.000000761,69.51379763,6.119227458,0.002252449,0.610950874
hsa-let-7d(1),36,0.502446113,0.865822785,0.734177215,0.799156118,0.140401549,0.155555556,0.612201902,0,0.379246907,0,0,0,0,0,0.003086881,0.001572811,1.962652843,0.97280501,0.00379043,0.579019134
hsa-miR-361(1),37,0.446963733,0.830379747,0.694514768,0.881012658,0.145574162,0,0.596127549,0,0.594147504,0,0,0,0,0,0.001118844,0.000435844,2.567074458,1.360125142,0.005642937,0.553567744
hsa-miR-370(1),38,0.387008924,0.873417722,0.756962025,0.611814346,0.285545005,0,0.623358676,0,0.565165435,0,0,0,0,0,0.000455012,0.0000183,24.86404372,4.63598904,0.002508182,0.604470525
hsa-miR-127(1),39,0.412102046,0.873417722,0.752742616,0.745147679,0.114154683,0,0.571055117,0,0.486506465,0,0,0,0,0,0.003988407,0.00029519,13.51134441,3.756099328,0.003089155,0.59174483
hsa-miR-889(1),40,0.404160975,0.878481013,0.769620253,0.621940928,0,0,0.631821551,0,0.641091947,0,0,0,0,0,0.000104663,0.00000193,54.22953368,5.76100686,0.002503368,0.604586803
hsa-miR-369(1),41,0.353556472,0.854852321,0.738396624,0.619409283,0.114154683,0,0.635573763,0,0.626499329,0,0,0,0,0,0.000193511,0.000008155,23.72912324,4.568586891,0.00379043,0.579019134
hsa-miR-136-5p(1),42,0.401934465,0.828691983,0.696202532,0.734177215,0.124950097,0.116666667,0.573670742,0,0.443040371,0,0,0,0,0,0.000360507,0.00004255,8.472549941,3.082796236,0.005642937,0.553567744
hsa-miR-96(1),43,0.486273891,0.832067511,0.712236287,0.64556962,0.285545005,0,0.452669585,0,0.502811162,0,0,0,0,0,0.000808042,0.000285428,2.830983646,1.501303415,0.004633499,0.566293439
hsa-miR-130a(1),44,0.308323291,0.776371308,0.623628692,0.566244726,0.139970842,0.15,0.723855262,0,0.605898341,0,0,0,0,0,0.000341271,0.0000852,4.005528169,2.001992489,0.011959916,0.502664963
hsa-miR-22(1),45,0.461123541,0.765400844,0.620253165,0.881012658,0.285545005,0,0.44621509,0,0.431264158,0,0,0,0,0,0.016014239,0.006372287,2.51310699,1.329472092,0.009967542,0.515390658
hsa-miR-191(1),46,0.3741146,0.764556962,0.615189873,0.722362869,0.485545005,0,0.529465085,0,0.398417616,0,0,0,0,0,0.003604664,0.001604609,2.246443838,1.167642994,0.011959916,0.502664963
hsa-miR-409-3p(1),47,0.339417628,0.875105485,0.757805907,0.632911392,0.114154683,0,0.507472866,0,0.60235013,0,0,0,0,0,0.000416992,0.0000341,12.2285044,3.612176061,0.002508182,0.604470525
hsa-miR-136-3p(1),48,0.360500826,0.7907173,0.646413502,0.446413502,0.399699687,0.116666667,0.568570783,0,0.443040371,0,0,0,0,0,0.000177787,0.0000164,10.84067073,3.438382116,0.009967542,0.515390658
hsa-miR-381(1),49,0.354184922,0.891983122,0.77721519,0.494514768,0,0,0.632765888,0,0.612696792,0,0,0,0,0,0.000738929,0.00001955,37.7968798,5.240195237,0.002508182,0.604470525
hsa-miR-181a(2),50,0.429643859,0.801687764,0.659915612,0.725738397,0.139970842,0,0.586744264,0,0.411000621,0,0,0,0,0,0.002340308,0.00046994,4.980019769,2.316151469,0.008276382,0.528116353
hsa-miR-345(1),51,0.457985846,0.794092827,0.648945148,0.753586498,0.140401549,0,0.460537065,0,0.494299552,0,0,0,0,0,0.000296831,0.000098153,3.024166353,1.596537501,0.008276382,0.528116353
hsa-miR-379(1),52,0.34638728,0.870886076,0.753586498,0.620253165,0.145574162,0,0.574044219,0,0.406402853,0,0,0,0,0,0.000271368,0.00002025,13.40088889,3.744256794,0.003089155,0.59174483
hsa-miR-376c(1),53,0.392506576,0.829535865,0.702953586,0.745991561,0.124950097,0,0.575394181,0,0.326707313,0,0,0,0,0,0.000570011,0.0000352,16.19349432,4.017342427,0.005642937,0.553567744
hsa-miR-431-5p(1),54,0.16657179,0.875105485,0.783966245,0.387341772,0,0,0.588355882,0,0.751781215,0,0,0,0,0,0.0000153,0.000000572,26.74825175,4.741372696,0.002012661,0.617671535
hsa-miR-193a-5p(1),55,0.379232112,0.736708861,0.578059072,0.744303797,0.139970842,0.159183673,0.373836949,0,0.426678938,0,0,0,0,0,0.000165246,0.00004175,3.957988024,1.984767247,0.014297674,0.489939267
hsa-miR-335-5p(1),56,0.364207646,0.78649789,0.643881857,0.620253165,0.139970842,0,0.565808517,0,0.41557733,0,0,0,0,0,0.000698982,0.000266107,2.626695277,1.393248843,0.008276382,0.528116353
hsa-miR-362-5p(1),57,0.460475763,0.703797468,0.540084388,0.782278481,0.140401549,0,0.486668438,0,0.3931989,0,0,0,0,0,0.0000968,0.00004155,2.329723225,1.220158571,0.02389515,0.451762182
hsa-miR-708(1),58,0.372875995,0.797468354,0.656540084,0.558649789,0.114154683,0,0.537468267,0,0.413491775,0,0,0,0,0,0.000182368,0.0000313,5.826453674,2.542618041,0.006846695,0.540842049
hsa-let-7g(1),59,0.365840066,0.688607595,0.508016878,0.752742616,0.21524529,0,0.281491924,0.326901013,0.289265927,0,0,0,0,0,0.005817195,0.002928619,1.986327003,0.990103149,0.028150514,0.439036486
hsa-miR-215(1),60,0.382790218,0.692827004,0.956118143,0.824472574,0,0.085714286,0.24408283,0,0.215055019,0,0,0,0,0,0.0000645,0.000166456,2.580713178,-1.367769809,0.020209289,-0.464487877
hsa-miR-125b(2),61,0.435173205,0.709704641,0.539240506,0.802531646,0.139970842,0,0.329791371,0,0.42926573,0,0,0,0,0,0.022440352,0.007427733,3.021157599,1.595101445,0.02389515,0.451762182
hsa-let-7a(3),62,0.379858329,0.516455696,0.275949367,0.772151899,0,0,0.164475423,0,0.24487574,0,0,0,0,1,0.016593302,0.009700412,1.710577035,0.774483077,0.119020602,0.311779534
hsa-miR-139(1),63,0.472348409,0.642194093,0.945991561,0.838818565,0.114154683,0,0.135514719,0,0.185533221,0,0,0,0,0,0.000327941,0.000523563,1.596515837,-0.674926864,0.038647031,-0.413585096
hsa-miR-154-5p(1),64,0.385071548,0.769620253,0.633755274,0.564556962,0.145574162,0,0.317995282,0,0.515083624,0,0,0,0,0,0.0000496,0.00000586,8.464163823,3.081367551,0.009910461,0.51578757
hsa-miR-338-3p(1),65,0.305269704,0.696202532,0.529113924,0.75021097,0.140401549,0,0.501286704,0,0.399936331,0,0,0,0,0,0.000436675,0.000096841,4.509195485,2.172870056,0.028150514,0.439036486
hsa-miR-149(1),66,0.513905049,0.579746835,0.912236287,0.803375527,0,0,0.263355061,0,0.24666886,0,0,0,0,0,0.0000946,0.000237469,2.510243129,-1.327827103,0.069768366,-0.362682315
hsa-miR-451(1),67,0.128682576,0.816033755,0.684388186,0.424472574,0,0,0.60006375,0,0.627210576,0,0,0,0,0,0.002687833,0.00005975,44.98465272,5.49136098,0.004625613,0.566402373
hsa-miR-103(2),68,0.44055637,0.753586498,0.605063291,0.69535865,0,0,0.399768681,0,0.34330983,0,0,0,0,0,0.008418924,0.004028797,2.089686822,1.063286744,0.014297674,0.489939267
hsa-miR-151-5p(1),69,0.312403933,0.724894515,0.564556962,0.542616034,0.124950097,0.15,0.416399754,0,0.383734826,0,0,0,0,0,0.001660421,0.000995044,1.668691871,0.738717582,0.020209289,0.464487877
hsa-miR-182(1),70,0.40476812,0.616033755,0.421940928,0.562025316,0.400130394,0,0.283505863,0,0.45515212,0,0,0,0,0,0.002713148,0.001045491,2.595095795,1.375787795,0.052298496,0.388133705
hsa-miR-29a(1),71,0.348078285,0.693670886,0.532489451,0.772151899,0,0,0.44737649,0,0.307980497,0,0,0,0,0,0.016642426,0.00873949,1.904278854,0.929244756,0.02389515,0.451762182
hsa-miR-3065-5p(1),72,0.266967599,0.722362869,0.566244726,0.406751055,0.145574162,0,0.491057464,0,0.499448888,0,0,0,0,0,0.0000946,0.00001595,5.931034483,2.56828376,0.020209289,0.464487877
hsa-miR-455-3p(1),73,0.358316311,0.675105485,0.502953586,0.772995781,0.114154683,0.104761905,0.281291459,0,0.285228628,0,0,0,0,0,0.000138973,0.00005415,2.56644506,1.359771377,0.028150514,0.439036486
hsa-miR-505(1),74,0.437188488,0.441350211,0.856540084,0.697046414,0.285975712,0,0.206949942,0,0.157452023,0,0,0,0,0,0.0000469,0.000063,1.343283582,-0.425763906,0.171308245,-0.273602448
hsa-miR-423-3p(1),75,0.317651879,0.707172996,0.537552743,0.728270042,0.139970842,0,0.381503093,0,0.270295147,0,0,0,0,0,0.00287932,0.001739557,1.655203496,0.727008597,0.02389515,0.451762182
hsa-let-7c(1),76,0.305347292,0.700421941,0.525738397,0.551054852,0,0.15,0.467315399,0,0.363437378,0,0,0,0,0,0.002336969,0.000395617,5.907157563,2.562464094,0.028150514,0.439036486
hsa-miR-129-1-3p(1),77,0.205087428,0.759493671,0.602531646,0.412658228,0.185735447,0,0.394826064,0,0.487782203,0,0,0,0,0,0.000149163,0.0000259,5.759189189,2.525865715,0.011943534,0.502761657
hsa-miR-28-3p(1),78,0.494331985,0.433755274,0.828691983,0.818565401,0.140401549,0,0.214732497,0,0.115228533,0,0,0,0,0,0.000330391,0.000414491,1.254546885,-0.327166389,0.152246671,-0.286328143
hsa-miR-92b(1),79,0.321227433,0.493670886,0.865822785,0.737552743,0.140401549,0,0.200381371,0,0.275822662,0,0,0,0,0,0.000613199,0.001343026,2.190195189,-1.131059448,0.10469074,-0.324505229
hsa-miR-502(1),80,0.314994578,0.724050633,0.572151899,0.685232068,0,0,0.416368361,0,0.316317594,0,0,0,0,0,0.000129095,0.0000609,2.119786535,1.083918991,0.017029608,0.477213572
hsa-miR-1468(1),81,0.411579848,0.487763713,0.891983122,0.81350211,0,0,0.238684725,0,0.180650031,0,0,0,0,0,0.0000593,0.000104507,1.762344013,-0.817495569,0.134844202,-0.299053839
hsa-miR-642-5p(1),82,0.350096908,0.552742616,0.913080169,0.630379747,0.140401549,0,0.251179882,0,0.15337384,0,0,0,0,0,0.0000196,0.00005925,3.022959184,-1.5959615,0.060314766,-0.375697119
hsa-miR-194(2),83,0.497469972,0.410970464,0.83628692,0.642194093,0.174075969,0,0.170694555,0,0.238478304,0,0,0,0,0,0.006445088,0.009657177,1.498377757,-0.583401388,0.192102768,-0.260876753
hsa-miR-25(1),84,0.515154875,0.503797468,0.280168776,0.631223629,0.139970842,0,0.478500017,0,0.41894632,0,0,0,0,0,0.002134378,0.001298661,1.643522058,0.71679082,0.119020602,0.311779534
hsa-miR-142-3p(1),85,0.377683037,0.432911392,0.820253165,0.908860759,0,0,0.267633908,0,0.159023463,0,0,0,0,0,0.000430576,0.001084111,2.517814509,-1.332172002,0.192102768,-0.260876753
hsa-miR-376a-A6G-3p(2),86,0.269475907,0.745147679,0.597468354,0.51814346,0,0,0.510240806,0,0.309348241,0,0,0,0,0,0.000225915,0.00003065,7.370799347,2.881821085,0.014297674,0.489939267
hsa-miR-10b(1),87,0.478289204,0.507172996,0.264978903,0.869198312,0,0,0.347801121,0,0.472740252,0,0,0,0,0,0.001068322,0.000535025,1.996770244,0.997668341,0.119020602,0.311779534
hsa-miR-19a(1),88,0.522780903,0.279324895,0.624472574,0.797468354,0.285545005,0,0.224983333,0,0.19693395,0,0,0,0,0,0.000389384,0.000658772,1.6918312,-0.758585633,0.504070399,-0.1336198
hsa-miR-195(1),89,0.349701195,0.646413502,0.46835443,0.464978903,0,0,0.490343738,0,0.476382264,0,0,0,0,0,0.000313029,0.0000613,5.106508972,2.35233734,0.045038255,0.400859401
hsa-miR-378(1),90,0.363550667,0.189029536,0.464135021,0.91814346,0.140401549,0,0.459195682,0,0.355942124,0,0,0,0,0,0.000564802,0.000728033,1.289005705,-0.366258649,0.873612786,-0.031814238
hsa-miR-181b(2),91,0.266595533,0.75443038,0.598312236,0.496202532,0,0,0.440315504,0,0.31014933,0,0,0,0,0,0.000383674,0.0000792,4.844368687,2.276308667,0.014297674,0.489939267
hsa-miR-19b(2),92,0.47256712,0.271729958,0.580590717,0.793248945,0.265351646,0,0.216191345,0,0.22470446,0,0,0,0,0,0.002200322,0.002886077,1.311661202,-0.391395125,0.588616458,-0.10816841
hsa-miR-1307-5p(1),93,0.54326002,0.414345992,0.814345992,0.62278481,0.124950097,0,0.134514795,0,0.153033679,0,0,0,0,0,0.001431544,0.002215918,1.547921685,-0.630332482,0.192102768,-0.260876753
hsa-miR-532-5p(1),94,0.222354378,0.65907173,0.487763713,0.610126582,0,0,0.43348463,0,0.368310266,0,0,0,0,0,0.000382734,0.000250434,1.528285952,0.611914506,0.038647031,0.413585096
hsa-let-7b(1),95,0.33022238,0.619409283,0.426160338,0.781434599,0,0,0.304484483,0,0.316983746,0,0,0,0,0,0.019337898,0.008243551,2.3458215,1.230093239,0.052298496,0.388133705
hsa-miR-148b(1),96,0.373842758,0.62278481,0.430379747,0.761181435,0.124950097,0,0.242323941,0,0.205191481,0,0,0,0,0,0.002867886,0.001322999,2.167715924,1.116175706,0.052298496,0.388133705
hsa-miR-218(2),97,0.390740634,0.353586498,0.743459916,0.815189873,0,0,0.144645042,0,0.302267625,0,0,0,0,0,0.000193642,0.00047217,2.438365644,-1.285914481,0.293777951,-0.209973972
hsa-miR-24(2),98,0.348575734,0.656540084,0.465822785,0.685232068,0,0,0.313542138,0,0.265103015,0,0,0,0,0,0.015494503,0.006663078,2.325427402,1.217495901,0.028150514,0.439036486
hsa-miR-486(1),99,0.182975898,0.729113924,0.576371308,0.355274262,0,0,0.448227908,0,0.429060297,0,0,0,0,0,0.000484303,0.0000675,7.174859259,2.842950532,0.017029608,0.477213572
hsa-miR-769(1),100,0.446131043,0.296202532,0.730801688,0.748523207,0,0,0.280309845,0,0.182243929,0,0,0,0,0,0.000296831,0.000289908,1.023881755,0.034049113,0.356208967,-0.184522581
hsa-miR-26a(2),101,0.442253459,0.352742616,0.194092827,0.635443038,0.280372392,0,0.448646323,0,0.282490922,0,0,0,0,0,0.020629158,0.013614168,1.515271297,0.599576119,0.265494463,0.222699667
hsa-miR-196a(2),102,0.342913833,0.490295359,0.881012658,0.584810127,0,0,0.235532294,0,0.089709049,0,0,0,0,0,0.00000684,0.00001985,2.902046784,-1.537070777,0.117599735,-0.312985649
hsa-miR-374b(1),103,0.406726402,0.566244726,0.367088608,0.646413502,0,0,0.377706695,0,0.250269476,0,0,0,0,0,0.000484797,0.000238007,2.036906555,1.026379797,0.080155748,0.34995662
hsa-miR-340(1),104,0.343885906,0.373839662,0.807594937,0.625316456,0.124950097,0,0.189989138,0,0.133029695,0,0,0,0,0,0.000231516,0.000472262,2.039867655,-1.028475554,0.239144895,-0.235425362
hsa-miR-423-5p(1),105,0.222463388,0.524894515,0.288607595,0.562869198,0.140401549,0,0.389419941,0,0.450676157,0,0,0,0,0,0.00046517,0.000239822,1.939650949,0.955797055,0.091766022,0.337230924
hsa-miR-27b(1),106,0.329037876,0.615189873,0.417721519,0.658227848,0,0,0.366170051,0,0.184545586,0,0,0,0,0,0.015103172,0.005663759,2.666633944,1.415019796,0.052298496,0.388133705
hsa-miR-221(1),107,0.507878551,0.359493671,0.772995781,0.496202532,0.198363172,0,0.085400307,0,0.137770674,0,0,0,0,0,0.003913691,0.005994595,1.531698593,-0.615132433,0.293777951,-0.209973972
hsa-miR-20a(1),108,0.414078616,0.15021097,0.368776371,0.823628692,0.379075622,0,0.23336,0,0.182408287,0,0,0,0,0,0.000315226,0.000271746,1.160002355,0.214127734,0.974620192,0.006362848
hsa-miR-155(1),109,0.186198982,0.416033755,0.183966245,0.679324895,0,0,0.530833942,0,0.526966453,0,0,0,0,0,0.0000801,0.0000234,3.423076923,1.775293713,0.214607979,0.248198793
hsa-miR-574-3p(1),110,0.231678101,0.565400844,0.356118143,0.623628692,0,0,0.433777191,0,0.26033443,0,0,0,0,0,0.000344512,0.00011484,2.999930338,1.584929,0.069768366,0.362682315
hsa-miR-200c(1),111,0.308796084,0.565400844,0.362025316,0.681012658,0,0,0.31368658,0,0.230426763,0,0,0,0,0,0.012414942,0.008235483,1.507494187,0.592152439,0.080155748,0.34995662
hsa-miR-214-3p(1),112,0.328413498,0.587341772,0.393248945,0.57721519,0,0,0.313821963,0,0.238922905,0,0,0,0,0,0.0000889,0.0000191,4.654450262,2.218610781,0.069768366,0.362682315
hsa-let-7i(1),113,0.355138022,0.616877637,0.416877637,0.473417722,0,0,0.261168282,0,0.309981702,0,0,0,0,0,0.01106634,0.007040374,1.571839791,0.65245418,0.052298496,0.388133705
hsa-miR-653-3p(1),114,0.288521785,0.46835443,0.877637131,0.318987342,0.08094545,0,0.198700989,0,0.194090759,0,0,0,0,0,0.00000172,0.00001055,6.13372093,-2.616762529,0.13062624,-0.302327395
hsa-miR-488(1),115,0.399268995,0.151898734,0.479324895,0.716455696,0.140401549,0,0.304677511,0,0.164991507,0,0,0,0,0,0.0000287,7.96E-05,2.772630662,-1.47125545,0.873612786,-0.031814238
hsa-miR-21(1),116,0.404535138,0.192405063,0.568776371,0.802531646,0,0,0.199843649,0,0.129588032,0,0,0,0,0,0.046769013,0.030235819,1.546808233,0.629294349,0.67917799,-0.082717019
hsa-miR-152(1),117,0.397459197,0.700421941,0.537552743,0.661603376,0,0,0,0,0,0,0,0,0,0,0.000958791,0.000233217,4.11115399,2.039543411,0.020209289,0.464487877
hsa-miR-224(1),118,0.327165846,0.576371308,0.376371308,0.356118143,0,0,0.324339893,0,0.335079772,0,0,0,0,0,0.0000797,0.000014775,5.394247039,2.431421594,0.069768366,0.362682315
hsa-miR-9(3),119,0.182038617,0.65907173,0.476793249,0.24978903,0,0,0.395222546,0,0.307355619,0,0,0,0,0,0.000262883,0.0000401,6.555685786,2.712746708,0.033043532,0.426310791
hsa-miR-744(1),120,0.342481346,0.556118143,0.337552743,0.512236287,0.124950097,0,0.181403272,0,0.195992862,0,0,0,0,0,0.001011246,0.000539651,1.873890601,0.90603673,0.080155748,0.34995662
hsa-miR-146b(1),121,0.355034943,0.378902954,0.167088608,0.332489451,0,0,0.332699842,0.334003662,0.343402807,0,0,0,0,0,0.000335888,0.000328277,1.023186247,0.033068778,0.239144895,0.235425362
hsa-miR-30a(1),122,0.32027467,0.594092827,0.4,0.200843882,0,0,0.361966509,0,0.341118645,0,0,0,0,0,0.003254573,0.001834687,1.773911844,0.826934316,0.052298496,0.388133705
hsa-miR-331(1),123,0.342545893,0.216877637,0.648101266,0.646413502,0,0,0.224089131,0,0.115493179,0,0,0,0,0,0.000254146,0.000249112,1.020207778,0.028863005,0.504070399,-0.1336198
hsa-miR-183(1),124,0.267644559,0.544303797,0.324894515,0.275949367,0.285545005,0,0.23073174,0,0.248856988,0,0,0,0,0,0.002374211,0.001001507,2.370638448,1.24527565,0.091766022,0.337230924
hsa-miR-542(1),125,0.349279062,0.616877637,0.424472574,0.296202532,0,0,0.277318476,0,0.204779348,0,0,0,0,0,0.0000411,0.00001475,2.786440678,1.478423439,0.045038255,0.400859401
hsa-miR-1(2),126,0.343170546,0.404219409,0.825316456,0.212658228,0.140401549,0,0.197262769,0,0.037485681,0,0,0,0,0,0.0000322,0.000201941,6.271459627,-2.648801257,0.214343277,-0.248342164
hsa-miR-193a-3p(1),127,0.33167795,0.551898734,0.346835443,0.103797468,0.145574162,0,0.390808378,0,0.274761745,0,0,0,0,0,0.0000543,0.0000235,2.310638298,1.208291441,0.091766022,0.337230924
hsa-miR-129-2-3p(1),128,0.206148763,0.547679325,0.326582278,0.205907173,0.140401549,0,0.170995724,0.329159154,0.213720225,0,0,0,0,0,0.000261658,0.0000612,4.275457516,2.096078811,0.091766022,0.337230924
hsa-miR-887(1),129,0.293567566,0.545991561,0.329113924,0.199156118,0.254125525,0,0.272353806,0,0.236047207,0,0,0,0,0,0.0000123,0.000007,1.757142857,0.813231488,0.080155748,0.34995662
hsa-miR-95(1),130,0.394967681,0.513080169,0.313924051,0.410126582,0,0,0.138993279,0,0.33714991,0,0,0,0,0,0.000623296,0.000279869,2.227099107,1.15516576,0.10469074,0.324505229
hsa-miR-133a(2),131,0.345225543,0.372151899,0.77721519,0.202531646,0.114154683,0,0.196630831,0,0.098504179,0,0,0,0,0,0.0000611,0.000133877,2.19111293,-1.131663843,0.265494463,-0.222699667
hsa-miR-138(2),132,0.246575979,0.513080169,0.280168776,0.307172996,0.139970842,0,0.282451358,0,0.336572816,0,0,0,0,0,0.0000233,0.00000414,5.628019324,2.492627282,0.118736675,0.312019641
hsa-miR-1179(1),133,0.206802086,0.443881857,0.253164557,0.402531646,0.124950097,0,0.355658756,0,0.286206813,0,0,0,0,0,0.0000637,0.0000192,3.317708333,1.730187062,0.192102768,0.260876753
hsa-miR-199a-5p(2),134,0.298893952,0.539240506,0.324050633,0.358649789,0,0,0.340198543,0,0.210966356,0,0,0,0,0,0.003180596,0.000982328,3.237814661,1.695020405,0.091766022,0.337230924
hsa-miR-150(1),135,0.359062257,0.241350211,0.324050633,0.488607595,0.145574162,0,0.267474063,0,0.245609375,0,0,0,0,0,0.000124981,0.000111605,1.119851261,0.163307126,0.588616458,0.10816841
hsa-miR-33a(1),136,0.291732354,0.2092827,0.656540084,0.454008439,0.265351646,0,0.038275194,0,0.153761684,0,0,0,0,0,0.000339106,0.000485092,1.430502557,-0.516522076,0.504070399,-0.1336198
hsa-miR-184(1),137,0.316666054,0.362025316,0.77721519,0.167088608,0.114154683,0,0.215835884,0,0.113675134,0,0,0,0,0,0.0000543,0.000136951,2.522117864,-1.334635697,0.265402532,-0.222742506
hsa-miR-16(2),138,0.506489482,0.345991561,0.155274262,0.589029536,0,0,0.315956735,0,0.139542057,0,0,0,0,0,0.00244074,0.001206492,2.02300554,1.016500271,0.324014677,0.197248277
hsa-miR-598(1),139,0.209967186,0.325738397,0.734177215,0.336708861,0.270524259,0,0.049112607,0,0.125651096,0,0,0,0,0,0.000168541,0.000282258,1.674711198,-0.743912326,0.324014677,-0.197248277
hsa-miR-30c(2),140,0.258943255,0.496202532,0.264135021,0.361181435,0,0,0.323414029,0,0.343421997,0,0,0,0,0,0.003018387,0.001681925,1.794602613,0.843664417,0.119020602,0.311779534
hsa-miR-190b(1),141,0.435594025,0.4,0.205063291,0.420253165,0.114154683,0,0.287327008,0,0.183351099,0,0,0,0,0,0.0000479,0.00001662,2.882069795,1.527105274,0.214696163,0.248151058
hsa-miR-93(1),142,0.435729536,0.405907173,0.207594937,0.442194093,0.114154683,0,0.243910725,0,0.185078451,0,0,0,0,0,0.002283648,0.001305471,1.749290486,0.806769882,0.192102768,0.260876753
hsa-miR-135a(2),143,0.463503845,0.156962025,0.224472574,0.634599156,0,0,0.316613852,0,0.231583777,0,0,0,0,0,0.000202633,0.000114753,1.765818759,0.820337274,0.67917799,0.082717019
hsa-miR-27a(1),144,0.471422754,0.242194093,0.630379747,0.543459916,0,0,0.051175609,0,0.088903709,0,0,0,0,0,0.00767628,0.009466145,1.233168214,-0.302369609,0.504070399,-0.1336198
hsa-miR-328(1),145,0.38463259,0.248101266,0.67257384,0.355274262,0.124950097,0,0.137658293,0,0.083877793,0,0,0,0,0,0.000579154,0.000663629,1.145859305,-0.196429913,0.464334922,-0.146345495
hsa-miR-660(1),146,0.439850193,0.194936709,0.210126582,0.486075949,0.145574162,0,0.291529844,0,0.196228534,0,0,0,0,0,0.000393741,0.000377909,1.041895062,0.059209979,0.54553086,0.120894105
hsa-miR-7(3),147,0.323176197,0.391561181,0.212658228,0.36371308,0.145574162,0,0.132442977,0.224799445,0.156146756,0,0,0,0,0,0.049128131,0.028353562,1.732697002,0.793019391,0.214696163,0.248151058
hsa-miR-193b(1),148,0.153227064,0.529957806,0.31814346,0.15021097,0.139970842,0,0.324770035,0,0.320396449,0,0,0,0,0,0.000118965,0.0000289,4.116435986,2.041395791,0.104623985,0.324567652
hsa-miR-101(2),149,0.631094213,0.13164557,0.276793249,0.582278481,0,0,0.18756645,0,0.124212534,0,0,0,0,0,0.016413096,0.011331631,1.44843198,0.534491935,0.726371254,0.069991324
hsa-miR-301a(1),150,0.433819998,0.230379747,0.627848101,0.346835443,0.124950097,0,0.030774136,0,0.137964729,0,0,0,0,0,0.000158727,0.000283519,1.786205245,-0.836897864,0.54553086,-0.120894105
hsa-miR-17(1),151,0.375543388,0.248101266,0.160337553,0.686919831,0,0,0.272161088,0,0.150185059,0,0,0,0,0,0.000443559,0.000253752,1.748005431,0.805709667,0.426406474,0.159071191
hsa-miR-146a(1),152,0.220280446,0.180590717,0.426160338,0.523206751,0,0,0.275620247,0,0.263479868,0,0,0,0,0,0.000273397,0.000345686,1.264410363,-0.338464765,0.974620192,-0.006362848
hsa-miR-185(1),153,0.355799124,0.529113924,0.309704641,0.248945148,0,0,0.154647091,0,0.277091745,0,0,0,0,0,0.000346381,0.000207618,1.668361289,0.738431743,0.091766022,0.337230924
hsa-miR-29c(1),154,0.341545318,0.188185654,0.551898734,0.546835443,0,0,0.123874274,0,0.108991844,0,0,0,0,0,0.005137985,0.005800785,1.128999987,-0.17504547,0.67917799,-0.082717019
hsa-miR-142-5p(1),155,0.177343496,0.1907173,0.258227848,0.568776371,0.139970842,0,0.217831908,0.144679648,0.142801388,0,0,0,0,0,0.000200935,0.000166243,1.208682471,0.273435288,0.633210047,0.095442714
hsa-miR-425(1),156,0.207546979,0.293670886,0.230379747,0.433755274,0,0,0.37073161,0,0.293481592,0,0,0,0,0,0.000448596,0.000350683,1.279206577,0.355249261,0.324014677,0.197248277
hsa-miR-15a(1),157,0.295328655,0.342616034,0.145991561,0.638818565,0,0,0.276517012,0,0.113414457,0,0,0,0,0,0.000945847,0.000473243,1.998649742,0.999025666,0.324014677,0.197248277
hsa-miR-144(1),158,0.332211646,0.497890295,0.253164557,0.128270042,0,0,0.298119123,0,0.271596498,0,0,0,0,0,0.00011482,0.0000486,2.36255144,1.240345742,0.119020602,0.311779534
hsa-miR-500a(1),159,0.331998621,0.426160338,0.2,0.326582278,0,0,0.228070654,0,0.26179192,0,0,0,0,0,0.0000729,0.0000619,1.177705977,0.235979405,0.192102768,0.260876753
hsa-miR-216b(1),160,0.321073804,0.369620253,0.149367089,0.179746835,0.139970842,0,0.191507414,0.241384113,0.181819502,0,0,0,0,0,0.000129655,7.43E-05,1.74498496,0.803214602,0.225790922,0.242254533
hsa-miR-1180(1),161,0.284903232,0.282700422,0.69535865,0.109704641,0.176009053,0,0.089147287,0,0.11651587,0,0,0,0,0,0.000250195,0.000376664,1.505481724,-0.590225195,0.426406474,-0.159071191
hsa-miR-99a(1),162,0.305741927,0.486919831,0.281012658,0.439662447,0,0,0,0,0.228932791,0,0,0,0,0,0.003275912,0.001469357,2.229486776,1.156711642,0.119020602,0.311779534
hsa-miR-582(1),163,0.339707868,0.399156118,0.238818565,0.318987342,0.140401549,0,0.15712814,0,0.144634181,0,0,0,0,0,0.0000483,0.00002585,1.868471954,0.901858909,0.181316591,0.267342444
hsa-miR-489(1),164,0.139475593,0.389029536,0.745147679,0.169620253,0,0,0.13502959,0,0.157234759,0,0,0,0,0,0.000000775,0.000004015,5.180645161,-2.373131772,0.300710634,-0.206982133
hsa-miR-106b(1),165,0.354354672,0.35021097,0.156118143,0.395780591,0,0,0.345624258,0,0.126874311,0,0,0,0,0,0.001997692,0.001202613,1.661126922,0.732162309,0.293777951,0.209973972
hsa-miR-452(1),166,0.19341084,0.490295359,0.258227848,0.312236287,0,0,0.282897924,0,0.188280157,0,0,0,0,0,0.0000469,0.0000223,2.103139013,1.072544213,0.119020602,0.311779534
hsa-miR-490-3p(1),167,0.14793212,0.505485232,0.592405063,0.364556962,0,0,0.037813769,0,0.068868156,0,0,0,0,0,0,0.000000207,20700,-14.33734315,0.640561736,-0.093382708
hsa-miR-151-3p(1),168,0.317153951,0.415189873,0.143459916,0.356962025,0,0,0.219743826,0,0.263619047,0,0,0,0,0,0.00215607,0.001594256,1.352398862,0.435520707,0.214696163,0.248151058
hsa-miR-148a(1),169,0.187335304,0.536708861,0.313924051,0.054008439,0,0,0.288419631,0,0.263722433,0,0,0,0,0,0.012212004,0.00294614,4.145086816,2.051402318,0.10469074,0.324505229
hsa-miR-342(1),170,0.31630655,0.380590717,0.188185654,0.330801688,0,0,0.192462799,0,0.234606135,0,0,0,0,0,0.00075541,0.000272503,2.772121357,1.470990417,0.214696163,0.248151058
hsa-miR-653-5p(1),171,0.194681512,0.308016878,0.702953586,0.28185654,0,0,0.083833436,0,0.040190039,0,0,0,0,0,0.00000157,0.00001365,8.694267516,-3.120064487,0.372116046,-0.17850334
hsa-miR-339-3p(1),172,0.277010573,0.501265823,0.277637131,0.291983122,0,0,0.135779515,0,0.121051001,0,0,0,0,0,0.000398852,0.000294307,1.355226609,0.438534106,0.119020602,0.311779534
hsa-miR-532-3p(1),173,0.276463012,0.294514768,0.208438819,0.223628692,0,0.141176471,0.262455689,0,0.194803928,0,0,0,0,0,0.000092,7.03E-05,1.309040203,0.388509406,0.356208967,0.184522581
hsa-miR-199a-3p(3),174,0.325156888,0.416877637,0.211814346,0.303797468,0,0,0.251677586,0,0.089159437,0,0,0,0,0,0.00392221,0.001891392,2.073716078,1.052218382,0.192102768,0.260876753
hsa-miR-30e(1),175,0.512856997,0.11814346,0.456540084,0.18649789,0.145574162,0,0.072675992,0,0.09103539,0,0,0,0,0,0.006086784,0.005890304,1.0333566,0.047338199,0.873612786,-0.031814238
hsa-miR-454(1),176,0.257786026,0.169620253,0.334177215,0.524894515,0,0,0.153664763,0,0.141132753,0,0,0,0,0,0.000067,0.0000593,1.129848229,0.176128991,0.774584623,0.057276644
hsa-miR-210(1),177,0.09456338,0.294514768,0.700421941,0.055696203,0.145574162,0,0.149794267,0,0.140214196,0,0,0,0,0,0.000344472,0.000424667,1.232804118,-0.301943586,0.356208967,-0.184522581
hsa-miR-551b(1),178,0.250149321,0.483544304,0.290295359,0.143459916,0,0,0.122877863,0,0.288195334,0,0,0,0,0,0.0000475,0.00000994,4.778672032,2.256609757,0.104423691,0.324755137
hsa-miR-501-3p(1),179,0.381189124,0.26835443,0.147679325,0.309704641,0.140401549,0,0.14000789,0,0.181583717,0,0,0,0,0,0.0000822,0.0000649,1.266563945,0.340919916,0.390349106,0.171796886
hsa-miR-222(1),180,0.474661525,0.153586498,0.512236287,0.05907173,0.264920939,0,0.067247462,0,0.033552251,0,0,0,0,0,0.001908246,0.002133318,1.117947057,-0.160851868,0.823769261,-0.044539933
hsa-miR-107(1),181,0.339856117,0.524894515,0.297890295,0.394936709,0,0,0,0,0,0,0,0,0,0,0.000769387,0.000464154,1.657611482,0.729105902,0.119020602,0.311779534
hsa-miR-30d(1),182,0.301489078,0.28185654,0.184810127,0.155274262,0.114154683,0,0.25581287,0,0.250372484,0,0,0,0,0,0.013953168,0.012545741,1.112183693,0.153395089,0.356208967,0.184522581
hsa-miR-92a(2),183,0.353007088,0.256540084,0.08185654,0.591561181,0,0,0.129194223,0,0.128439422,0,0,0,0,0,0.007402602,0.004228881,1.750487393,0.807756671,0.426406474,0.159071191
hsa-miR-135b(1),184,0.135327482,0.2,0.234599156,0.296202532,0.285975712,0,0.129315299,0,0.253756357,0,0,0,0,0,0.00000613,0.000002085,2.940047962,1.55583969,0.544756271,0.121127266
hsa-miR-23a(1),185,0.323045291,0.125738397,0.365400844,0.418565401,0,0,0.155846276,0,0.135607364,0,0,0,0,0,0.003075875,0.003358248,1.091802495,-0.126711899,0.974620192,0.006362848
hsa-miR-26b(1),186,0.311695146,0.256540084,0.200843882,0.323206751,0.145574162,0,0.128894523,0,0.156892698,0,0,0,0,0,0.003823754,0.002936729,1.302045235,0.38077957,0.426406474,0.159071191
hsa-miR-374a(1),187,0.168253178,0.097046414,0.358649789,0.556118143,0,0,0.217426384,0,0.123119442,0,0,0,0,0,0.000864558,0.000690887,1.251374864,0.32351403,0.974620192,0.006362848
hsa-miR-181d(1),188,0.198697307,0.45907173,0.220253165,0.375527426,0,0,0.163289412,0,0.086016923,0,0,0,0,0,0.000186489,0.000100508,1.855473472,0.891787375,0.152246671,0.286328143
hsa-miR-320(1),189,0.17191415,0.173839662,0.221940928,0.286075949,0.139970842,0,0.250182035,0,0.250727933,0,0,0,0,0,0.001905075,0.002229295,1.170187263,-0.22673942,0.588616458,0.10816841
hsa-miR-100(1),190,0.40957252,0.26835443,0.129113924,0.281012658,0.114154683,0,0.160289462,0,0.115922895,0,0,0,0,0,0.002577774,0.002013396,1.280311792,0.35649519,0.426406474,0.159071191
hsa-miR-484(1),191,0.244460269,0.375527426,0.129957806,0.392405063,0,0,0.140933832,0,0.190907172,0,0,0,0,0,0.000474513,0.000390432,1.215355318,0.281378158,0.239144895,0.235425362
hsa-miR-132(1),192,0.311962312,0.166244726,0.512236287,0.079324895,0.265351646,0,0.047140051,0,0.072755657,0,0,0,0,0,0.000604743,0.001007333,1.66572081,-0.736146612,0.774626805,-0.057265629
hsa-miR-197(1),193,0.222735896,0.334177215,0.132489451,0.416033755,0,0,0.212449995,0,0.106977438,0,0,0,0,0,0.000196232,0.00018902,1.038154693,0.054021432,0.324014677,0.197248277
hsa-let-7f(2),194,0.256982077,0.408438819,0.180590717,0.313080169,0,0,0.117936594,0,0.120969992,0,0,0,0,0,0.013193707,0.00828627,1.592237159,0.671055237,0.239144895,0.235425362
hsa-miR-216a(1),195,0.326277166,0.141772152,0.225316456,0.426160338,0.2,0,0,0,0.075060006,0,0,0,0,0,0.0000312,0.00005875,1.883012821,-0.913042823,0.632948397,0.095516217
hsa-miR-217(1),196,0.290624942,0.291139241,0.139240506,0.178902954,0.2,0,0.184254758,0,0.109481822,0,0,0,0,0,0.000207193,0.000280408,1.353363772,-0.436549675,0.390349106,0.171796886
hsa-miR-450a(2),197,0.237493349,0.430379747,0.178059072,0.196624473,0,0,0.120637499,0,0.226207876,0,0,0,0,0,0.0000156,0.000007795,2.001282874,1.000925101,0.170896289,0.273865907
hsa-miR-34a(1),198,0.292416284,0.149367089,0.275105485,0.351054852,0.145574162,0,0.115319609,0,0.057952152,0,0,0,0,0,0.001814082,0.001386557,1.308335683,0.387732745,0.774626805,0.057265629
hsa-miR-141(1),199,0.353200997,0.097046414,0.302953586,0.456540084,0,0,0.123233014,0,0.039094762,0,0,0,0,0,0.020254546,0.016260934,1.245595487,0.316835622,0.774626805,0.057265629
hsa-miR-671-5p(1),200,0.23034832,0.165400844,0.230379747,0.324894515,0.124950097,0,0.127031689,0,0.167941179,0,0,0,0,0,0.0000512,0.00002845,1.799648506,0.847715158,0.588329378,0.108251712
hsa-miR-497(1),201,0.242048002,0.22278481,0.162869198,0.404219409,0,0,0.295463522,0,0.042508784,0,0,0,0,0,0.001052689,0.000516858,2.036710312,1.026240796,0.464334922,0.146345495
hsa-let-7e(1),202,0.245086391,0.12742616,0.275105485,0.408438819,0,0,0.100359744,0,0.210066214,0,0,0,0,0,0.002288142,0.00189378,1.208240981,0.272908225,0.726371254,0.069991324
hsa-miR-145(1),203,0.244890458,0.192405063,0.303797468,0.169620253,0,0,0.267918135,0,0.157649617,0,0,0,0,0,0.001693072,0.002147244,1.268253211,-0.342842813,0.823769261,0.044539933
hsa-miR-330(1),204,0.336371799,0.172995781,0.267510549,0.264135021,0,0,0.137404403,0,0.129941437,0,0,0,0,0,0.000122645,0.000156206,1.273639366,-0.348956833,0.67917799,0.082717019
hsa-miR-28-5p(1),205,0.233266364,0.201687764,0.465822785,0.206751055,0,0,0.115908488,0,0.080253297,0,0,0,0,0,0.000318586,0.000377465,1.18481195,-0.244658097,0.873612786,-0.031814238
hsa-miR-324-5p(1),206,0.271019739,0.303797468,0.159493671,0.421097046,0,0,0.073051948,0,0.063725906,0,0,0,0,0,0.000538626,0.000384424,1.4011248,0.486585464,0.324014677,0.197248277
hsa-miR-874(1),207,0.103824003,0.125738397,0.556118143,0.320675105,0,0,0.130818907,0,0.050189738,0,0,0,0,0,0.001004104,0.000833513,1.204665797,0.268632964,0.726371254,-0.069991324
hsa-miR-153(2),208,0.23382793,0.113080169,0.541772152,0.094514768,0.124950097,0,0.082434604,0,0.089402537,0,0,0,0,0,0.000397369,0.000675904,1.700947985,-0.766339024,0.726371254,-0.069991324
hsa-miR-199b-5p(1),209,0.210066568,0.144303797,0.33164557,0.242194093,0.145574162,0,0.138078506,0,0.039002868,0,0,0,0,0,0.00046074,0.000594441,1.290187524,-0.367580772,0.823769261,0.044539933
hsa-miR-143(1),210,0.174912818,0.178902954,0.542616034,0.203375527,0,0,0.101916499,0,0.046166581,0,0,0,0,0,0.027997498,0.041289112,1.474742922,-0.560463485,0.774626805,-0.057265629
hsa-miR-32(1),211,0.279736551,0.111392405,0.533333333,0.210970464,0,0,0.054822686,0,0.046810038,0,0,0,0,0,0.000472039,0.000589987,1.249868125,-0.321775883,0.726371254,-0.069991324
hsa-miR-204(1),212,0.20445894,0.54092827,0.322362869,0.15443038,0,0,0,0,0,0,0,0,0,0,0.000271349,0.00002515,10.78922465,3.431519287,0.091766022,0.337230924
hsa-miR-223(1),213,0.143313609,0.240506329,0.275949367,0.194092827,0.114154683,0,0.111555838,0,0.138497952,0,0,0,0,0,0.000127434,0.000133571,1.048154339,-0.067851167,0.633210047,0.095442714
hsa-miR-129-5p(2),214,0.197735598,0.408438819,0.275105485,0.12742616,0,0,0.074379684,0,0.128655969,0,0,0,0,0,0.001398153,0.000281477,4.967201583,2.312433297,0.214696163,0.248151058
hsa-miR-33b(1),215,0.295474072,0.093670886,0.343459916,0.25907173,0,0,0.084054753,0,0.098378584,0,0,0,0,0,0.000314099,0.000161142,1.949212338,0.96289126,0.873612786,0.031814238
hsa-miR-186(1),216,0.268473814,0.297890295,0.155274262,0.199156118,0,0,0.083039241,0,0.168573696,0,0,0,0,0,0.001093588,0.000818043,1.336835189,0.418821614,0.390349106,0.171796886
hsa-miR-1247(1),217,0.215328533,0.208438819,0.237130802,0.283544304,0,0,0.124032634,0,0.100939968,0,0,0,0,0,0.0000231,0.000015805,1.461562797,0.547511816,0.503742048,0.133722703
hsa-miR-124(3),218,0.208628539,0.193248945,0.18649789,0.345991561,0,0,0.053052769,0,0.161536464,0,0,0,0,0,0.00000262,0.000000744,3.521505376,1.816192285,0.404960619,0.166558906
hsa-miR-98(1),219,0.31141495,0.182278481,0.243037975,0.275949367,0,0,0.089094556,0,0.04634357,0,0,0,0,0,0.000597062,0.000626429,1.049185009,-0.0692691,0.726371254,0.069991324
hsa-miR-29b(2),220,0.302466051,0.136708861,0.271729958,0.147679325,0.124950097,0,0.119725337,0,0.036948952,0,0,0,0,0,0.00624672,0.006217772,1.004655768,0.006701265,0.774626805,0.057265629
hsa-miR-181c(1),221,0.433247231,0.284388186,0.101265823,0.208438819,0,0,0.061323089,0,0.039391007,0,0,0,0,0,0.000283683,0.000295007,1.039916033,-0.056467044,0.356208967,0.184522581
hsa-miR-30b(1),222,0.220804298,0.282700422,0.121518987,0.185654008,0,0,0.180426381,0,0.064044163,0,0,0,0,0,0.00215687,0.001847543,1.167426144,0.223331282,0.390349106,0.171796886
hsa-miR-483-3p(1),223,0.19560073,0.271729958,0.145147679,0.257383966,0,0,0.082042897,0,0.097782297,0,0,0,0,0,0.00000848,0.00000244,3.475409836,1.797183117,0.209719518,0.250867413
hsa-miR-324-3p(1),224,0.361063154,0.227004219,0.142616034,0.113080169,0,0,0.123728198,0,0.071610769,0,0,0,0,0,0.000322736,0.000224963,1.434621326,0.520669982,0.464334922,0.146345495
hsa-miR-615(1),225,0.08695091,0.123206751,0.24978903,0.284388186,0.145574162,0,0.107832227,0,0.040114145,0,0,0,0,0,0.00000653,0.000006535,1.000765697,-0.001104244,0.726169,0.070045226
hsa-miR-455-5p(1),226,0.246952778,0.179746835,0.161181435,0.220253165,0,0,0.110516778,0,0.104207778,0,0,0,0,0,0.000227157,0.000263898,1.161742759,-0.216290653,0.588616458,0.10816841
hsa-miR-365(2),227,0.119674933,0.250632911,0.221097046,0.12742616,0,0,0.13722442,0,0.154325224,0,0,0,0,0,0.0000403,0.00002465,1.634888438,0.709192192,0.389984237,0.17192919
hsa-miR-1307-3p(1),228,0.26261125,0.065822785,0.401687764,0.108016878,0.064577714,0,0.07176135,0,0.031570402,0,0,0,0,0,0.000389495,0.000447863,1.149854299,-0.201451065,0.974620192,0.006362848
hsa-miR-339-5p(1),229,0.210382651,0.11814346,0.338396624,0.109704641,0.124950097,0,0.064489037,0,0.037685872,0,0,0,0,0,0.000836976,0.000722528,1.158399398,0.212132757,0.726371254,0.069991324
hsa-miR-214-5p(1),230,0.183851849,0.161181435,0.258227848,0.229535865,0,0,0.119221763,0,0.0094116,0,0,0,0,0,0.0000736,0.00004415,1.667044168,0.737292328,0.633144687,0.095461074
hsa-miR-652(1),231,0.299983596,0.313080169,0.033755274,0.170464135,0,0,0.078911644,0,0.061100894,0,0,0,0,0,0.000693605,0.000481162,1.441520735,0.527591589,0.324014677,0.197248277
hsa-miR-15b(1),232,0.225368925,0.270886076,0.215189873,0.119831224,0,0,0.102875822,0,0.020585607,0,0,0,0,0,0.000239923,0.000189096,1.268792753,0.343456436,0.426406474,0.159071191
hsa-miR-1269(1),233,0.109906422,0.185654008,0.263291139,0.276793249,0,0,0.031766536,0,0.060815744,0,0,0,0,0,0.000000292,0.000000237,1.232067511,0.30108131,0.735943335,0.06744605
hsa-miR-125a(1),234,0.343369561,0.123206751,0.264978903,0.0092827,0,0,0.102098906,0,0.035281927,0,0,0,0,0,0.011758828,0.011616291,1.012270483,0.017594836,0.67917799,0.082717019
hsa-miR-383(1),235,0.069501364,0.218565401,0.270886076,0.08185654,0,0,0.106677993,0,0.09748745,0,0,0,0,0,0.000000872,0,87200,16.41204051,0.103237821,0.325871064
hsa-miR-99b(1),236,0.110644395,0.233755274,0.161181435,0.096202532,0.114154683,0,0.071866925,0,0.037443369,0,0,0,0,0,0.005609261,0.005090489,1.101910052,0.140006463,0.464334922,0.146345495
hsa-miR-670(1),237,0.206236032,0.205907173,0.15021097,0.058227848,0,0,0.048372695,0,0.042514259,0,0,0,0,0,0.0000394,0.0000296,1.331081081,0.412598454,0.504070399,0.1336198
hsa-miR-760(1),238,0.148595443,0.019409283,0.423628692,0.003375527,0,0,0.058964553,0,0.021659112,0,0,0,0,0,0.000139774,0.000160405,1.147602558,-0.19862309,0.974620192,-0.006362848