Embryological_type,overall_rank,MI,RankFeaturesROC,RankFeaturesWil,Relieff,TreeBagger,decisionTree,ensembleBag,ensembleGentleBoost,ensembleRUSBoost,iterSeq_knn,iterSeq_tree,iterSeq_ensbl,iterSeq_svm,iterSeq_quadrLDA,median expr Midgut,median expr Non-midgut,fold change,log2 fold change,MannWhitney Utest,Effectsize r
hsa-miR-615(1),1,1,1,1,1,0.745795576,0.966666667,1,1,1,1,1,1,1,1,-8.966778582,-17.22448558,0.520583244,-0.941799218,1.89E-09,0.79563332
hsa-miR-137(1),2,0.737504659,0.857383966,0.953586498,0.941772152,0.580673985,0.647443625,0.309373349,0.341533512,0.307747331,1,1,1,1,1,-9.579725684,-14.5154044,0.659969603,-0.599528516,7.36E-05,0.525105199
hsa-miR-30d(1),3,0.672510404,0.987341772,0.962025316,0.915611814,0.540465384,0.35480304,0.493942931,0.455927769,0.497528877,0,0,0,0,0,-7.04646563,-6.113468669,0.867593626,0.20490864,8.93E-08,-0.708248812
hsa-miR-196a(2),4,0.800282935,0.994936709,0.995780591,0.994936709,0.842427563,0.705466887,0.144056123,0.140141736,0.138662419,0,0,0,0,0,-9.787896321,-17.30396173,0.56564482,-0.822031655,7.90E-09,0.764324568
hsa-miR-377(1),5,0.620763899,0.95443038,0.912236287,0.741772152,0.78538497,0.719029376,0.310711282,0.260146827,0.299942607,0,0,0,0,0,-15.66228009,-12.65836042,0.808206746,0.307203702,2.44E-06,-0.624222259
hsa-miR-221(1),6,0.681124969,0.941772152,0.894514768,0.991561181,0.601662289,0.326635731,0.198873701,0.157898679,0.203954632,0,0,0,0,0,-9.614701912,-7.377718761,0.767337233,0.382067336,1.86E-06,-0.631566234
hsa-miR-335-5p(1),7,0.682312268,0.958649789,0.914767932,0.967088608,0.792536326,0.500680477,0,0,0,0,0,0,0,0,-12.76995947,-11.00790534,0.862015683,0.214213978,1.72E-06,-0.633706574
hsa-miR-222(1),8,0.663582283,0.975527426,0.936708861,0.953586498,0.701466646,0.439818514,0.007954303,0,0.008157523,0,0,0,0,0,-10.46852568,-8.368906374,0.799435052,0.322947264,5.02E-07,-0.665647379
hsa-miR-190b(1),9,0.69655691,0.971308017,0.924894515,0.932489451,0.478611922,0,0.140784988,0.144418893,0.135038465,0,0,0,0,0,-18.16760177,-14.19010158,0.781066305,0.356483071,8.74E-07,-0.651415874
hsa-miR-887(1),10,0.639303741,0.926582278,0.983122363,0.867510549,0.569533365,0.123483182,0.08639289,0.053069609,0.088600101,0,0,0,0,0,-12.64478823,-15.71433785,0.804665672,-0.313538608,5.98E-06,0.599644311
hsa-miR-653-5p(1),11,0.571559909,0.913924051,0.981434599,0.907172996,0.485235627,0.398614258,0,0,0,0,0,0,0,0,-11.40230684,-16.3586789,0.697018806,-0.520730513,8.67E-06,0.589155769
hsa-miR-1(2),12,0.51204209,0.827848101,0.951898734,0.591561181,0.185273818,0.055646964,0.041363482,0,0.042420258,0,1,0,0,0,-11.54205185,-14.1216397,0.817330855,-0.291007897,0.000238105,0.486729251
hsa-miR-200c(1),13,0.58674756,0.819409283,0.730801688,0.808438819,0.221982883,0,0,0,0,0,0,0,0,1,-7.603330362,-6.405556628,0.842467225,0.247307534,0.000253613,-0.484591292
hsa-miR-455-3p(1),14,0.690980373,0.96371308,0.924050633,0.852320675,0.558195421,0.033333333,0.037507628,0.050306784,0.038465892,0,0,0,0,0,-15.82725629,-13.31833161,0.841480758,0.248997814,8.84E-07,-0.651106258
hsa-miR-369(1),15,0.588072521,0.946835443,0.898734177,0.762869198,0.381759998,0.52881645,0,0,0,0,0,0,0,0,-16.37605291,-13.18669438,0.805242536,0.312504712,3.48E-06,-0.614625265
hsa-miR-148a(1),16,0.620030218,0.958649789,0.911392405,0.978059072,0.424399363,0.209890703,0,0,0,0,0,0,0,0,-9.837992824,-6.428561535,0.653442389,0.613868049,1.46E-06,-0.637956448
hsa-miR-92b(1),17,0.580008519,0.965400844,0.92742616,0.664978903,0.39432445,0,0.15847145,0.155604777,0.154195943,0,0,0,0,0,-11.90996254,-10.38104494,0.871627002,0.198217205,1.15E-06,-0.644346663
hsa-miR-455-5p(1),18,0.657810613,0.952742616,0.90464135,0.85907173,0.379149254,0.073333333,0.039294276,0.045129338,0.032265014,0,0,0,0,0,-14.62384571,-11.98150848,0.819313108,0.287513198,1.35E-06,-0.64008652
hsa-miR-653-3p(1),19,0.527224014,0.884388186,0.979746835,0.967088608,0.385586846,0.183801991,0,0,0,0,0,0,0,0,-11.67615137,-18.24450788,0.639981711,-0.643897418,1.29E-05,0.577731128
hsa-miR-34a(1),20,0.558005545,0.942616034,0.891983122,0.935021097,0.46476913,0.070465587,0,0,0,0,0,0,0,0,-10.48839011,-9.131087629,0.870590008,0.199934633,5.14E-06,-0.603875303
hsa-miR-145(1),21,0.511547679,0.87257384,0.967088608,0.913080169,0.433838205,0.130247273,0,0,0,0,0,0,0,0,-7.527094341,-8.928868158,0.84300655,-0.246384254,4.89E-05,0.537843083
hsa-miR-10b(1),22,0.330808055,0.582278481,0.753586498,0.817721519,0.328273696,0,0.007485975,0,0.007677231,0,0,0,1,0,-8.822194946,-10.07835104,0.875360951,-0.192050067,0.024871323,0.29714499
hsa-miR-376c(1),23,0.641916578,0.939240506,0.888607595,0.91814346,0.393648156,0,0,0,0,0,0,0,0,0,-13.75076388,-11.41881626,0.83041323,0.268098666,5.54E-06,-0.601745231
hsa-miR-181a(2),24,0.566867772,0.913080169,0.855696203,0.870042194,0.2632671,0.073333333,0.017771363,0.054253166,0.018225395,0,0,0,0,0,-10.5021076,-8.819806259,0.839812978,0.251860013,1.36E-05,-0.576184372
hsa-miR-196b(1),25,0.456670066,0.815189873,0.932489451,0.90464135,0.471095918,0,0,0,0,0,0,0,0,0,-11.11580293,-17.37085361,0.639911151,-0.644056488,0.000126732,0.507656755
hsa-miR-204(1),26,0.469980566,0.765400844,0.908860759,0.699578059,0.27473866,0,0.139705502,0.16929462,0.134502715,0,0,0,0,0,-11.07849737,-13.38313194,0.827795573,-0.272653562,0.000670583,0.450517447
hsa-miR-154-5p(1),27,0.572898645,0.88185654,0.794092827,0.769620253,0.278330775,0.100309598,0.009579558,0,0.009824302,0,0,0,0,0,-17.60809844,-13.96578428,0.793145514,0.334342522,7.29E-05,-0.525404279
hsa-miR-136-3p(1),28,0.607112306,0.929113924,0.86835443,0.694514768,0.314040533,0,0,0,0,0,0,0,0,0,-15.64304301,-12.96521886,0.828816928,0.270874625,7.51E-06,-0.593224945
hsa-miR-376a-A6G-3p(2),29,0.507264199,0.907172996,0.852320675,0.57721519,0.360052242,0.112903226,0.016426831,0.044682925,0.016846512,0,0,0,0,0,-14.44430391,-12.51095985,0.866151801,0.207308202,1.41E-05,-0.575137976
hsa-miR-92a(2),30,0.487854382,0.832067511,0.746835443,0.891139241,0.276781408,0,0.051030372,0.044047467,0.052334123,0,0,0,0,0,-8.489981317,-7.50522623,0.884009746,0.177865819,0.00017329,-0.497371722
hsa-miR-216b(1),31,0.591086006,0.85907173,0.745147679,0.912236287,0.152092367,0,0.00909617,0.052210744,0.009328564,0,0,0,0,0,-20.21285242,-15.73779683,0.77860346,0.361039339,0.000171852,-0.497648119
hsa-miR-181b(2),32,0.56237254,0.803375527,0.712236287,0.7907173,0.312806171,0.073333333,0.034013315,0,0.034882305,0,0,0,0,0,-12.78977066,-11.33220242,0.886036405,0.174562118,0.000253613,-0.484591292
hsa-miR-505(1),33,0.619776615,0.888607595,0.971308017,0.650632911,0.089262583,0.085714286,0,0,0,0,0,0,0,0,-12.36764976,-14.21457767,0.870068042,-0.200799867,2.80E-05,0.554919625
hsa-miR-490-3p(1),34,0.455256213,0.635443038,0.918987342,0.96371308,0.308766635,0,0.008121956,0,0.00832946,0,0,0,0,0,-17.06242784,-29.89735285,0.570700287,-0.809194807,0.000393046,0.469508282
hsa-miR-136-5p(1),35,0.576090771,0.84978903,0.773839662,0.826160338,0.26874691,0,0,0,0,0,0,0,0,0,-13.76951768,-11.77179308,0.854916879,0.226143938,0.000117366,-0.510152152
hsa-miR-1185-1-3p(1),36,0.527934801,0.875105485,0.782278481,0.738396624,0.360052242,0,0,0,0,0,0,0,0,0,-18.47476481,-15.24226941,0.825031851,0.277478278,8.62E-05,-0.520064804
hsa-miR-598(1),37,0.357946294,0.738396624,0.656540084,0.414345992,0.263974014,0,0.275109233,0.264743572,0.272150832,0,0,0,0,0,-13.37935765,-12.46458261,0.931627881,0.102174279,0.001127783,-0.431339502
hsa-miR-494(1),38,0.557164456,0.914767932,0.853164557,0.683544304,0.119080845,0.09075,0.007181069,0,0.007364535,0,0,0,0,0,-17.63484387,-14.59528518,0.827639036,0.272926403,1.34E-05,-0.576707938
hsa-miR-323b(1),39,0.515781654,0.848945148,0.722362869,0.869198312,0.232282955,0,0.007920648,0,0.008123009,0,0,0,0,0,-19.74900227,-14.68744263,0.743705551,0.427196554,0.000248133,-0.485332382
hsa-miR-432(1),40,0.529255537,0.892827004,0.834599156,0.637974684,0.256006509,0,0.024912557,0,0.025549036,0,0,0,0,0,-15.64285416,-11.93895873,0.763221252,0.389826751,2.43E-05,-0.559161921
hsa-miR-19b(2),41,0.4884414,0.819409283,0.72742616,0.839662447,0.308197775,0,0,0,0,0,0,0,0,0,-9.657723668,-8.828069618,0.914094244,0.129585178,0.000253613,-0.484591292
hsa-miR-409-5p(1),42,0.474485243,0.837974684,0.75021097,0.798312236,0.258049258,0.04,0,0,0,0,0,0,0,0,-17.0657407,-13.34810966,0.782158237,0.354467589,0.000156524,-0.500737254
hsa-miR-218(2),43,0.497079909,0.659915612,0.542616034,0.77721519,0.208258736,0,0.161806287,0.14845962,0.155731762,0,0,0,0,0,-12.76308,-11.89780971,0.932205213,0.101280514,0.005815451,-0.365307282
hsa-miR-133a(2),44,0.431128363,0.709704641,0.866666667,0.749367089,0.27473866,0,0.034971721,0.046285134,0.035865197,0,0,0,0,0,-11.64955311,-13.86547938,0.840183941,-0.251222884,0.00230769,0.403648571
hsa-miR-25(1),45,0.473881866,0.843881857,0.771308017,0.928270042,0.089262583,0,0.008567131,0,0.008786009,0,0,0,0,0,-9.694701041,-8.537770568,0.880663626,0.183337016,0.000109891,-0.512282223
hsa-miR-184(1),46,0.467610634,0.848101266,0.746835443,0.827004219,0.221046752,0,0,0,0,0,0,0,0,0,-18.75126001,-13.92034131,0.742368316,0.429792957,0.000186782,-0.494878952
hsa-miR-141(1),47,0.578774388,0.797468354,0.696202532,0.696202532,0.337511585,0,0,0,0,0,0,0,0,0,-6.755443182,-5.702385569,0.844117168,0.244484828,0.000346001,-0.473940934
hsa-miR-217(1),48,0.484418489,0.681012658,0.560337553,0.703797468,0.461979141,0.018623482,0.072716395,0.043480613,0.074574192,0,0,0,0,0,-15.61427194,-13.60964047,0.871615438,0.198236345,0.00488011,-0.372835038
hsa-miR-489(1),49,0.411615223,0.697046414,0.908016878,0.894514768,0.168988934,0,0,0,0,0,0,0,0,0,-13.19742637,-19.93156857,0.662136867,-0.594798634,0.001083538,0.432842158
hsa-miR-323a(1),50,0.49595386,0.839662447,0.75021097,0.631223629,0.302389301,0,0.017490572,0,0.01793743,0,0,0,0,0,-18.1030916,-14.02227548,0.774579049,0.368515615,0.000177428,-0.496588406
hsa-miR-889(1),51,0.475199703,0.848945148,0.737552743,0.805063291,0.172533417,0,0,0,0,0,0,0,0,0,-18.58094931,-14.8483552,0.799117147,0.323521083,0.000202361,-0.492202862
hsa-miR-485-5p(1),52,0.469992648,0.78649789,0.687763713,0.662447257,0.409107296,0,0,0,0,0,0,0,0,0,-17.295852,-13.72406611,0.793488873,0.333718102,0.000555095,-0.457315537
hsa-miR-330(1),53,0.498114133,0.679324895,0.838818565,0.771308017,0.197012253,0,0.007105068,0,0.007286592,0,0,0,0,0,-11.15757496,-13.10199804,0.851593393,-0.231763339,0.004097178,0.380217783
hsa-miR-134(1),54,0.435894426,0.81350211,0.729957806,0.894514768,0.123871814,0,0,0,0,0,0,0,0,0,-13.4002554,-11.33838663,0.846132129,0.241045128,0.000305797,-0.478201077
hsa-miR-410(1),55,0.504827575,0.75443038,0.652320675,0.781434599,0.185273818,0.108642241,0,0,0,0,0,0,0,0,-16.52007606,-13.28426845,0.804128771,0.314501546,0.000975888,-0.436749616
hsa-miR-339-3p(1),56,0.456117183,0.816033755,0.733333333,0.705485232,0.270991918,0,0,0,0,0,0,0,0,0,-12.18718304,-11.45103684,0.93959669,0.089886464,0.000238161,-0.486721364
hsa-miR-487b(1),57,0.486123817,0.805907173,0.713924051,0.8,0.083270834,0.080882353,0,0,0,0,0,0,0,0,-16.16618984,-12.68726182,0.784802229,0.349598955,0.000314708,-0.477213377
hsa-miR-132(1),58,0.520988893,0.783122363,0.692827004,0.795780591,0.174778424,0,0,0,0,0,0,0,0,0,-11.59690908,-10.69139021,0.921917223,0.117290875,0.00056158,-0.456900361
hsa-miR-143(1),59,0.362902118,0.605063291,0.7907173,0.734177215,0.306242229,0.0184,0.016670228,0.049787151,0.017096128,0,0,0,0,0,-3.612518827,-4.652731482,0.776429682,-0.365072823,0.014188417,0.324835921
hsa-miR-381(1),60,0.481693467,0.874261603,0.805063291,0.666666667,0.067215366,0,0,0,0,0,0,0,0,0,-14.64383676,-11.01239238,0.752015511,0.411165676,4.89E-05,-0.537843083
hsa-miR-215(1),61,0.42002012,0.656540084,0.828691983,0.734177215,0.222061814,0,0,0,0,0,0,0,0,0,-12.15960229,-13.66853416,0.889605436,-0.168762492,0.007415148,0.354656924
hsa-miR-382-5p(1),62,0.503290748,0.847257384,0.774683544,0.725738397,0,0,0,0,0,0,0,0,0,0,-14.62290371,-11.97887391,0.81918572,0.287737528,0.00013817,-0.504835153
hsa-miR-28-3p(1),63,0.38398477,0.66835443,0.843037975,0.837974684,0.083270834,0.0184,0,0,0,0,0,0,0,0,-10.51091452,-11.44243511,0.918590704,-0.122505911,0.005267991,0.369567425
hsa-miR-874(1),64,0.379569723,0.691983122,0.57721519,0.685232068,0.235091496,0,0.076598851,0.091882291,0.078555839,0,0,0,0,0,-11.18046741,-9.872145689,0.882981482,0.179544913,0.003699081,-0.384477926
hsa-miR-1468(1),65,0.389516348,0.762869198,0.917299578,0.533333333,0.207201481,0,0,0,0,0,0,0,0,0,-12.30974897,-13.65917206,0.901207548,-0.150068697,0.001334995,0.424956173
hsa-miR-500a(1),66,0.404212386,0.629535865,0.823628692,0.82278481,0.111949868,0,0,0,0,0,0,0,0,0,-12.79003437,-13.56175315,0.943095943,-0.084523549,0.00939892,0.344006566
hsa-miR-1269(1),67,0.391917066,0.671729958,0.890295359,0.832067511,0,0,0,0,0,0,0,0,0,0,-16.39412321,-21.32370567,0.768821492,-0.379279428,0.00134872,0.424566418
hsa-miR-224(1),68,0.434353367,0.627848101,0.824472574,0.676793249,0.172735675,0,0.008125336,0,0.008332927,0,0,0,0,0,-12.81335688,-13.72797586,0.93337554,-0.099470434,0.007758969,0.352641157
hsa-miR-379(1),69,0.470388126,0.783122363,0.685232068,0.806751055,0,0,0,0,0,0,0,0,0,0,-14.36654073,-12.58179639,0.875770767,0.191374802,0.000529042,-0.459030433
hsa-miR-22(1),70,0.459836663,0.69535865,0.583122363,0.821097046,0.168786675,0,0,0,0,0,0,0,0,0,-6.984816664,-6.126320558,0.877091104,0.189201391,0.003006511,-0.392998213
hsa-miR-17(1),71,0.386853668,0.745991561,0.650632911,0.686075949,0.258049258,0,0,0,0,0,0,0,0,0,-12.20362971,-11.25290858,0.922095216,0.117012363,0.000950486,-0.437729717
hsa-miR-504(1),72,0.445439512,0.65907173,0.843037975,0.583122363,0.185476077,0,0,0,0,0,0,0,0,0,-12.92448518,-14.8483552,0.870432112,-0.200196313,0.005815451,0.365307282
hsa-miR-193a-3p(1),73,0.489460197,0.6092827,0.785654008,0.326582278,0.085515841,0,0.133662036,0.106550118,0.137076904,0,0,0,0,0,-12.83133313,-14.50866283,0.884391159,-0.177243492,0.01418685,0.324841185
hsa-miR-126(1),74,0.430899219,0.706329114,0.599156118,0.747679325,0.083473092,0.084806723,0,0,0,0,0,0,0,0,-8.179709367,-7.218787744,0.882523745,0.180292999,0.00230769,-0.403648571
hsa-miR-539(1),75,0.349311674,0.797468354,0.66835443,0.730801688,0.102002984,0,0,0,0,0,0,0,0,0,-19.69923444,-15.96809445,0.81059467,0.302947405,0.00075529,-0.446192594
hsa-miR-411(1),76,0.42851009,0.784810127,0.691139241,0.492827004,0.224458348,0,0,0,0,0,0,0,0,0,-14.77181153,-12.71651129,0.860863359,0.216143832,0.000497849,-0.461190399
hsa-miR-370(1),77,0.440655637,0.729113924,0.619409283,0.641350211,0.185476077,0,0,0,0,0,0,0,0,0,-14.62139908,-12.59717907,0.861557707,0.214980663,0.001859463,-0.412168857
hsa-miR-194(2),78,0.424092053,0.427004219,0.620253165,0.705485232,0.424816338,0,0,0,0,0,0,0,0,0,-6.340436591,-6.832552045,0.927974869,-0.107842359,0.102618128,0.216202269
hsa-miR-1185-5p(2),79,0.385396671,0.739240506,0.587341772,0.690295359,0.174778424,0,0,0,0,0,0,0,0,0,-18.49606075,-15.24226941,0.824081928,0.279140321,0.002778743,-0.396195454
hsa-miR-152(1),80,0.360775426,0.720675105,0.616033755,0.68185654,0.083473092,0.091956815,0,0,0,0,0,0,0,0,-10.89981763,-10.02649601,0.91987741,0.120486486,0.001859463,-0.412168857
hsa-miR-29c(1),81,0.330623945,0.67257384,0.556962025,0.724050633,0.256006509,0,0,0,0,0,0,0,0,0,-8.199024888,-7.490490278,0.913583064,0.130392189,0.004533778,-0.37595764
hsa-miR-192(1),82,0.380494817,0.548523207,0.716455696,0.806751055,0.083473092,0,0,0,0,0,0,0,0,0,-5.494676113,-6.794414427,0.808704881,-0.306314775,0.031800818,0.28436456
hsa-miR-433(1),83,0.518910682,0.705485232,0.5907173,0.502953586,0.202136643,0,0,0,0,0,0,0,0,0,-16.23455162,-14.27335709,0.879196261,0.185742844,0.002562565,-0.399459637
hsa-miR-20a(1),84,0.365186719,0.726582278,0.614345992,0.499578059,0.30782162,0,0,0,0,0,0,0,0,0,-12.37983583,-11.53397094,0.931673981,0.102102891,0.001859463,-0.412168857
hsa-miR-365(2),85,0.409053478,0.465822785,0.661603376,0.655696203,0.085515841,0.04,0.043906506,0.103338566,0.045028253,0,0,0,0,0,-14.54639767,-14.93608405,0.973909736,-0.038140028,0.067870837,0.241841518
hsa-miR-1301(1),86,0.381028747,0.432911392,0.635443038,0.957805907,0.085515841,0,0,0,0,0,0,0,0,0,-11.63857418,-12.57841292,0.925281612,-0.112035575,0.092852999,0.222592484
hsa-let-7b(1),87,0.428929338,0.653164557,0.516455696,0.597468354,0.27473866,0,0,0,0,0,0,0,0,0,-6.763251007,-6.227342523,0.920761704,0.119100264,0.007778887,-0.352526852
hsa-miR-329(2),88,0.383707333,0.681012658,0.567932489,0.424472574,0.402566245,0,0,0,0,0,0,0,0,0,-16.82247054,-14.83564415,0.881894495,0.181322026,0.004094767,-0.38024243
hsa-miR-127(1),89,0.320916788,0.648945148,0.522362869,0.829535865,0.112661187,0,0,0,0,0,0,0,0,0,-10.19140763,-8.952358472,0.878422177,0.187013618,0.007066739,-0.356786995
hsa-miR-147(1),90,0.424096772,0.549367089,0.394092827,0.571308017,0.401049649,0,0.024857403,0,0.025492473,0,0,0,0,0,-15.12731178,-13.33463343,0.881493924,0.181977469,0.031800818,-0.28436456
hsa-miR-181c(1),91,0.462134199,0.285232068,0.46835443,0.901265823,0.270789659,0,0,0,0,0,0,0,0,0,-10.27900458,-11.28773763,0.910634612,-0.135055799,0.380784361,0.116088903
hsa-miR-409-3p(1),92,0.373788399,0.714767932,0.605063291,0.601687764,0.089262583,0,0,0,0,0,0,0,0,0,-13.7449443,-11.4316908,0.8317015,0.26586226,0.002307311,-0.403655112
hsa-miR-486(1),93,0.293244246,0.562025316,0.749367089,0.778059072,0,0,0,0,0,0,0,0,0,0,-10.03392393,-11.1847654,0.897106338,-0.15664909,0.022872426,0.301405133
hsa-miR-769(1),94,0.346763336,0.547679325,0.709704641,0.410970464,0.360052242,0,0,0,0,0,0,0,0,0,-11.30361091,-11.76246534,0.960989945,-0.05740676,0.034451945,0.280104417
hsa-miR-338-3p(1),95,0.420494497,0.578059072,0.452320675,0.556962025,0.348154632,0,0.007135451,0,0.007317751,0,0,0,0,0,-12.00146046,-10.9287648,0.910619573,0.135079625,0.023853719,-0.299275062
hsa-miR-93(1),96,0.398091437,0.692827004,0.582278481,0.571308017,0.118926249,0,0,0,0,0,0,0,0,0,-9.716933962,-9.152920554,0.94195562,0.086269006,0.003513519,-0.386607998
hsa-miR-19a(1),97,0.379235973,0.578902954,0.438818565,0.638818565,0.265086133,0,0,0,0,0,0,0,0,0,-11.6930702,-10.85983539,0.928741144,0.106651546,0.023853719,-0.299275062
hsa-miR-30b(1),98,0.302386554,0.633755274,0.510548523,0.605907173,0.172735675,0.037246964,0,0,0,0,0,0,0,0,-9.713352653,-8.854084545,0.911537433,0.133626192,0.008158531,-0.350396781
hsa-miR-148b(1),99,0.343934639,0.644725738,0.522362869,0.62278481,0.089262583,0.037246964,0,0,0,0,0,0,0,0,-9.51761785,-8.735429384,0.917816782,0.123721909,0.008554676,-0.348266709
hsa-miR-138(2),100,0.343511086,0.655696203,0.82278481,0.254852321,0.172533417,0,0,0,0,0,0,0,0,0,-14.44179166,-15.90476851,0.908016464,-0.139209638,0.006562907,0.36004045
hsa-miR-193a-5p(1),101,0.279265937,0.553586498,0.710548523,0.561181435,0.102002984,0,0.008625283,0,0.008845646,0,0,0,0,0,-11.76896413,-12.56309703,0.936788445,-0.094204814,0.034451945,0.280104417
hsa-miR-183(1),102,0.269651657,0.54092827,0.729957806,0.549367089,0.085515841,0,0,0,0,0,0,0,0,0,-8.49143601,-9.318871437,0.911208623,-0.134146695,0.033103672,0.282234489
hsa-miR-331(1),103,0.214187547,0.470886076,0.660759494,0.725738397,0.102002984,0,0,0,0,0,0,0,0,0,-11.32030598,-12.14219143,0.932311605,-0.10111587,0.070421506,0.239633057
hsa-miR-652(1),104,0.369687013,0.673417722,0.556962025,0.374683544,0.185476077,0,0,0,0,0,0,0,0,0,-11.19650006,-10.40497544,0.929306067,0.105774269,0.004767516,-0.373827568
hsa-miR-1247(1),105,0.36095331,0.615189873,0.476793249,0.47257384,0.172533417,0,0,0,0,0,0,0,0,0,-16.40208566,-13.80848182,0.841873534,0.248324567,0.014505477,-0.323781379
hsa-miR-532-3p(1),106,0.35361955,0.518987342,0.718987342,0.356962025,0.102002984,0,0,0,0,0,0,0,0,0,-12.19739114,-13.35112155,0.913585506,-0.130388332,0.035140533,0.279043903
hsa-miR-107(1),107,0.40880365,0.323206751,0.464978903,0.760337553,0.085515841,0,0,0,0,0,0,0,0,0,-10.45072346,-10.91920103,0.957095985,-0.063264479,0.346818253,0.124609189
hsa-miR-1307-5p(1),108,0.368354283,0.562869198,0.71814346,0.387341772,0,0,0,0,0,0,0,0,0,0,-8.112743459,-9.367864154,0.866018478,-0.207530287,0.031800818,0.28436456
hsa-miR-378(1),109,0.286144347,0.32742616,0.52742616,0.616033755,0.27473866,0,0,0,0,0,0,0,0,0,-10.38005989,-10.70389006,0.969746497,-0.044320435,0.237204086,0.156560264
hsa-miR-660(1),110,0.326391594,0.566244726,0.429535865,0.510548523,0.191265567,0,0,0,0,0,0,0,0,0,-11.6120135,-10.91263401,0.939771041,0.089618783,0.030542177,-0.286494632
hsa-miR-181d(1),111,0.366983902,0.286075949,0.452320675,0.816033755,0.083270834,0.0184,0,0,0,0,0,0,0,0,-11.5219063,-12.38103724,0.93060913,-0.103752753,0.416719769,0.107568617
hsa-miR-21(1),112,0.351446612,0.532489451,0.388185654,0.600843882,0.1090109,0,0,0,0,0,0,0,0,0,-4.974562012,-4.226848738,0.849692642,0.234987023,0.045266434,-0.265193916
hsa-miR-151-3p(1),113,0.377561654,0.623628692,0.502109705,0.456540084,0,0.018623482,0,0,0,0,0,0,0,0,-9.261480197,-8.893374538,0.960254122,0.058511843,0.011313424,-0.335486279
hsa-miR-760(1),114,0.3227858,0.456540084,0.610970464,0.307172996,0.276781408,0,0,0,0,0,0,0,0,0,-11.5036885,-12.80461636,0.898401653,-0.154567513,0.092852999,0.222592484
hsa-miR-654(1),115,0.341995981,0.633755274,0.508860759,0.486919831,0,0,0,0,0,0,0,0,0,0,-14.8936953,-13.4655941,0.904113709,0.145423865,0.010078865,-0.340816981
hsa-miR-216a(1),116,0.526746046,0.412658228,0.211814346,0.462447257,0.332897948,0,0,0,0,0,0,0,0,0,-16.52564041,-15.06367211,0.911533334,0.133632679,0.181345926,-0.177039961
hsa-miR-1180(1),117,0.394698181,0.494514768,0.333333333,0.432911392,0.274536401,0,0,0,0,0,0,0,0,0,-12.25704975,-11.42837489,0.932391981,0.100991499,0.065569805,-0.2438932
hsa-miR-3065-5p(1),118,0.29967147,0.258227848,0.435443038,0.803375527,0.102002984,0.018623482,0,0,0,0,0,0,0,0,-13.22258155,-14.27335709,0.926382033,-0.110320823,0.454581711,0.09904833
hsa-miR-452(1),119,0.258726714,0.466666667,0.641350211,0.457383966,0.085515841,0,0.00765721,0,0,0,0,0,0,0,-13.99159319,-14.37391341,0.9734018,-0.038892653,0.072950977,0.237506834
hsa-miR-342(1),120,0.387955589,0.3907173,0.503797468,0.625316456,0,0,0,0,0,0,0,0,0,0,-10.20223487,-10.3704525,0.983779143,-0.023593625,0.224683789,0.160820407
hsa-miR-29b(2),121,0.432030794,0.341772152,0.220253165,0.675105485,0.116487174,0.0184,0.017503006,0.045329112,0.017950182,0,0,0,0,0,-7.862332617,-7.460598365,0.948903936,0.075666054,0.243645829,-0.154430192
hsa-miR-582(1),122,0.220404627,0.514767932,0.699578059,0.330801688,0.083473092,0,0,0,0,0,0,0,0,0,-13.88392281,-14.42694818,0.962360344,-0.0553509,0.045242018,0.265224002
hsa-miR-345(1),123,0.245503336,0.347679325,0.556118143,0.598312236,0.083473092,0,0,0,0,0,0,0,0,0,-12.12422984,-12.56935295,0.964586633,-0.052017277,0.20680039,0.167210622
hsa-miR-28-5p(1),124,0.246448637,0.492827004,0.682700422,0.238818565,0.16482828,0,0,0,0,0,0,0,0,0,-10.53208862,-11.36113979,0.927027464,-0.109316014,0.047023501,0.263063844
hsa-miR-182(1),125,0.250303689,0.392405063,0.600843882,0.368776371,0.172735675,0,0,0,0,0,0,0,0,0,-8.427146765,-8.880010215,0.949001922,-0.075517085,0.136867987,0.197031624
hsa-miR-135b(1),126,0.145333601,0.405063291,0.638818565,0.244725738,0.31249283,0,0,0,0,0,0,0,0,0,-15.99613964,-17.68668151,0.904417238,-0.144939605,0.090665454,0.224097343
hsa-miR-488(1),127,0.282842337,0.44556962,0.657383966,0.35443038,0,0,0,0,0,0,0,0,0,0,-13.19422917,-14.43012942,0.914352795,-0.129177171,0.074245699,0.236441781
hsa-miR-501-3p(1),128,0.324808031,0.467510549,0.65907173,0.197468354,0.083270834,0,0,0,0,0,0,0,0,0,-12.85767447,-13.51878704,0.951096753,-0.072335984,0.067960055,0.241763128
hsa-miR-139(1),129,0.27367416,0.568776371,0.429535865,0.250632911,0.168988934,0,0.015616495,0,0.016015474,0,0,0,0,0,-12.37017255,-11.33432048,0.916262116,0.126167724,0.029326563,-0.288624704
hsa-miR-27a(1),130,0.338652698,0.51814346,0.370464135,0.383122363,0.083473092,0,0,0,0,0,0,0,0,0,-7.676755529,-7.025376948,0.915149235,0.12792107,0.05264233,-0.25667363
hsa-miR-429(1),131,0.349234473,0.214345992,0.428691983,0.524894515,0.174778424,0,0,0,0,0,0,0,0,0,-8.109583549,-9.032434488,0.897829213,-0.155487056,0.454581711,0.09904833
hsa-miR-328(1),132,0.33059809,0.3907173,0.559493671,0.134177215,0.258049258,0,0,0,0,0,0,0,0,0,-10.43672272,-10.75376536,0.970517988,-0.043173142,0.189973478,0.173600837
hsa-let-7d(1),133,0.292141726,0.361181435,0.238818565,0.592405063,0.187518826,0,0,0,0,0,0,0,0,0,-8.769958269,-8.700571852,0.99208817,0.011459751,0.307165761,-0.135259548
hsa-miR-100(1),134,0.418729167,0.269198312,0.455696203,0.431223629,0.083473092,0,0,0,0,0,0,0,0,0,-8.543855797,-8.529705619,0.998343818,0.002391346,0.407553318,0.109698688
hsa-miR-423-3p(1),135,0.389436271,0.455696203,0.286919831,0.345991561,0.166743926,0,0,0,0,0,0,0,0,0,-8.675684443,-8.394575911,0.967598115,0.047520137,0.102618128,-0.216202269
hsa-miR-24(2),136,0.229158614,0.477637131,0.326582278,0.508860759,0.083473092,0.018623482,0,0,0,0,0,0,0,0,-6.651734449,-6.257006073,0.940657827,0.08825807,0.083848215,-0.228982699
hsa-miR-200a(1),137,0.424391136,0.253164557,0.447257384,0.498734177,0,0,0,0,0,0,0,0,0,0,-6.45266713,-6.796827015,0.949364625,-0.074965802,0.416719769,0.107568617
hsa-miR-98(1),138,0.587669342,0.26835443,0.118987342,0.398312236,0.191265567,0.033333333,0,0,0,0,0,0,0,0,-11.00955513,-10.65132441,0.967461835,0.047723344,0.346818253,-0.124609189
hsa-miR-1224-5p(1),139,0.242881145,0.344303797,0.526582278,0.185654008,0.276781408,0,0,0,0,0,0,0,0,0,-11.35393785,-11.91598626,0.952832406,-0.069705615,0.237204086,0.156560264
hsa-miR-142-5p(1),140,0.308076441,0.310548523,0.516455696,0.307172996,0.083270834,0.0184,0.008706044,0,0.00892847,0,0,0,0,0,-11.80965251,-12.31537998,0.958935293,-0.060494627,0.256895651,0.150170049
hsa-miR-375(1),141,0.342522779,0.235443038,0.441350211,0.355274262,0.168786675,0,0,0,0,0,0,0,0,0,-2.302822031,-2.832206344,0.81308413,-0.298523459,0.426006719,0.105438545
hsa-miR-431-5p(1),142,0.338750242,0.64556962,0.452320675,0.103797468,0,0,0,0,0,0,0,0,0,0,-18.64427559,-17.36110564,0.931176197,0.102873915,0.016860587,-0.316527978
hsa-miR-200b(1),143,0.389241559,0.099578059,0.337552743,0.617721519,0.089262583,0,0,0,0,0,0,0,0,0,-6.624546106,-6.831571889,0.969695732,-0.04439596,0.790741504,0.035146182
hsa-miR-340(1),144,0.38294286,0.364556962,0.210970464,0.3907173,0.172735675,0,0,0,0,0,0,0,0,0,-12.11714847,-11.99891679,0.990242616,0.014146057,0.189973478,-0.173600837
hsa-miR-150(1),145,0.137567836,0.365400844,0.564556962,0.276793249,0.174778424,0,0,0,0,0,0,0,0,0,-12.48769342,-12.71651129,0.982006239,-0.026195905,0.187262809,0.174668703
hsa-let-7a(3),146,0.435100468,0.393248945,0.29535865,0.394936709,0,0,0,0,0,0,0,0,0,0,-6.569165573,-5.99739682,0.912961738,0.131373696,0.154669668,-0.188511338
hsa-miR-23a(1),147,0.310097951,0.421097046,0.24556962,0.383122363,0.089262583,0,0.025507333,0,0.026159008,0,0,0,0,0,-8.601122462,-8.34478741,0.970197488,0.04364965,0.128581484,-0.201291768
hsa-miR-129-5p(2),148,0.416045755,0.266666667,0.114767932,0.488607595,0.172735675,0.018623482,0,0,0,0,0,0,0,0,-10.89249932,-10.16471339,0.933184671,0.099765486,0.363553189,-0.120349046
hsa-miR-125b(2),149,0.494795779,0.126582278,0.286919831,0.443881857,0.113627532,0,0,0,0,0,0,0,0,0,-6.259312513,-5.949551942,0.950512046,0.073223185,0.929519592,0.011715394
hsa-miR-149(1),150,0.280198821,0.130801688,0.349367089,0.438818565,0.258251516,0,0,0,0,0,0,0,0,0,-12.81394902,-13.38159143,0.957580351,-0.062534545,0.717468726,0.047927388
hsa-miR-484(1),151,0.281892464,0.278481013,0.429535865,0.364556962,0.102002984,0,0,0,0,0,0,0,0,0,-10.79514733,-11.17131435,0.966327416,-0.049416002,0.464341437,0.096918258
hsa-miR-129-2-3p(1),152,0.416784083,0.262447257,0.126582278,0.551054852,0.085515841,0,0,0,0,0,0,0,0,0,-12.11590246,-13.01550998,0.930881884,-0.103329973,0.363553189,-0.120349046
hsa-miR-30a(1),153,0.36321834,0.381434599,0.264978903,0.33164557,0.085515841,0,0,0,0,0,0,0,0,0,-8.471888914,-8.112660504,0.957597602,0.062508556,0.174177443,-0.179991051
hsa-miR-10a(1),154,0.169757618,0.178059072,0.407594937,0.562869198,0.089262583,0.0184,0,0,0,0,0,0,0,0,-8.975655297,-9.079344173,0.988579695,-0.01657082,0.546466579,0.079877686
hsa-miR-99b(1),155,0.27734571,0.396624473,0.239662447,0.291983122,0.174778424,0.04,0,0,0,0,0,0,0,0,-7.727179668,-7.518914841,0.973047757,0.039417482,0.159383596,-0.186381266
hsa-miR-301a(1),156,0.302772429,0.232067511,0.332489451,0.360337553,0.172533417,0,0,0,0,0,0,0,0,0,-11.80670838,-12.35394337,0.955703618,-0.065364814,0.717473108,0.047926611
hsa-miR-670(1),157,0.348142589,0.277637131,0.385654008,0.372995781,0,0,0,0,0,0,0,0,0,0,-13.85118535,-14.97272589,0.925094432,-0.112327455,0.514772506,0.086283282
hsa-miR-96(1),158,0.314207648,0.262447257,0.475949367,0.32742616,0,0,0,0,0,0,0,0,0,0,-10.16266993,-10.61900322,0.95702673,-0.063368875,0.372106946,0.118218975
hsa-miR-151-5p(1),159,0.291101901,0.481012658,0.313080169,0.292827004,0,0,0,0,0,0,0,0,0,0,-9.760886546,-9.171928345,0.939661403,0.089787105,0.07824774,-0.233242842
hsa-miR-185(1),160,0.608756728,0.171308017,0.368776371,0.14092827,0.085515841,0,0,0,0,0,0,0,0,0,-11.04562659,-11.7664053,0.938742658,-0.091198375,0.646716733,0.060707041
hsa-miR-153(2),161,0.317677788,0.211814346,0.444725738,0.28185654,0.092381666,0.0184,0,0,0,0,0,0,0,0,-10.25227715,-10.71523012,0.956794864,-0.063718449,0.426006719,0.105438545
hsa-miR-155(1),162,0.168154142,0.427848101,0.256540084,0.201687764,0.311586838,0,0,0,0,0,0,0,0,0,-14.13421033,-13.52898281,0.957179955,0.063137909,0.130584452,-0.200242956
hsa-miR-30c(2),163,0.250379023,0.418565401,0.255696203,0.334177215,0.083270834,0,0,0,0,0,0,0,0,0,-8.778954272,-8.53249363,0.971925968,0.041081667,0.132674645,-0.199161696
hsa-miR-103(2),164,0.327399407,0.216877637,0.123206751,0.479324895,0.187518826,0,0,0,0,0,0,0,0,0,-7.023602533,-6.951507556,0.989735328,0.014885319,0.646716733,-0.060707041
hsa-miR-30e(1),165,0.244474679,0.406751055,0.329113924,0.341772152,0,0,0,0,0,0,0,0,0,0,-7.7300515,-7.317590839,0.946641926,0.079109276,0.128581484,-0.201291768
hsa-miR-542(1),166,0.259515335,0.401687764,0.231223629,0.326582278,0.102002984,0,0,0,0,0,0,0,0,0,-15.7497202,-15.05382432,0.95581535,0.065196158,0.176592399,-0.178986933
hsa-miR-197(1),167,0.189015813,0.234599156,0.38649789,0.333333333,0.168988934,0,0,0,0,0,0,0,0,0,-11.67982369,-11.95515911,0.976969323,-0.033614833,0.568067482,0.075617542
hsa-miR-191(1),168,0.320235252,0.395780591,0.217721519,0.372995781,0,0,0,0,0,0,0,0,0,0,-9.070976045,-8.705879109,0.959751086,0.059267808,0.174177443,-0.179991051
hsa-miR-193b(1),169,0.210981633,0.324894515,0.514767932,0.158649789,0.096831733,0,0,0,0,0,0,0,0,0,-12.41178334,-13.14251753,0.944399223,-0.082531241,0.256895651,0.150170049
hsa-miR-9(3),170,0.335714814,0.102953586,0.144303797,0.691139241,0,0,0,0,0,0,0,0,0,0,-12.92384949,-12.67139233,0.980465792,0.028460798,0.759941946,-0.040472016
hsa-miR-128(2),171,0.224562149,0.250632911,0.102953586,0.592405063,0.102002984,0,0,0,0,0,0,0,0,0,-11.17822217,-11.10213757,0.993193498,0.009853279,0.398508143,-0.11182876
hsa-miR-142-3p(1),172,0.301277439,0.136708861,0.330801688,0.492827004,0,0,0,0,0,0,0,0,0,0,-10.92281869,-11.08738067,0.985157723,-0.021573378,0.790741504,0.035146182
hsa-miR-451(1),173,0.354081547,0.165400844,0.197468354,0.454852321,0.083270834,0,0,0,0,0,0,0,0,0,-11.34230316,-9.844296686,0.867927488,0.204353579,0.635207708,-0.062837113
hsa-miR-744(1),174,0.325241927,0.203375527,0.166244726,0.464135021,0.085515841,0,0,0,0,0,0,0,0,0,-10.1911296,-10.04121612,0.985289808,0.021379962,0.778380963,-0.037276253
hsa-miR-32(1),175,0.188854027,0.43628692,0.273417722,0.172151899,0.166743926,0,0,0,0,0,0,0,0,0,-12.38941138,-11.04880632,0.891794289,0.165217134,0.120684228,-0.205555242
hsa-miR-129-1-3p(1),176,0.2897124,0.374683544,0.196624473,0.254852321,0.115700263,0,0,0,0,0,0,0,0,0,-14.05356149,-12.91927926,0.919288628,0.121410201,0.189959121,-0.173606463
hsa-miR-199b-5p(1),177,0.35149918,0.315611814,0.151898734,0.248101266,0.083473092,0.073333333,0,0,0,0,0,0,0,0,-10.97625468,-10.30160367,0.938535409,0.091516919,0.270637509,-0.145909906
hsa-miR-1179(1),178,0.165629538,0.214345992,0.280168776,0.476793249,0.083270834,0,0,0,0,0,0,0,0,0,-13.26174052,-13.92034131,0.952687885,-0.069924453,0.859585812,0.023431167
hsa-miR-199a-5p(2),179,0.240727607,0.334177215,0.148523207,0.282700422,0.212150766,0,0,0,0,0,0,0,0,0,-8.598963611,-8.083268394,0.940028213,0.089224038,0.270637509,-0.145909906
hsa-miR-26a(2),180,0.30876148,0.241350211,0.085232068,0.406751055,0.089262583,0,0.0329423,0,0.033783928,0,0,0,0,0,-5.874860131,-5.55784594,0.946038853,0.08002866,0.389584947,-0.113958831
hsa-miR-26b(1),181,0.23359522,0.291983122,0.168776371,0.389873418,0.102002984,0,0,0,0,0,0,0,0,0,-8.269820903,-8.224611584,0.994533217,0.007908538,0.299610566,-0.137389619
hsa-miR-361(1),182,0.195225219,0.34092827,0.221940928,0.335021097,0.083270834,0,0,0,0,0,0,0,0,0,-10.6481154,-10.47587558,0.983824385,0.023527281,0.224683789,-0.160820407
hsa-miR-99a(1),183,0.332024199,0.071729958,0.29535865,0.466666667,0,0,0,0,0,0,0,0,0,0,-8.367804517,-8.274049586,0.988795755,0.016255545,0.929519592,0.011715394
hsa-miR-424(1),184,0.218579913,0.37721519,0.197468354,0.264135021,0.102002984,0,0,0,0,0,0,0,0,0,-13.26883733,-12.71651129,0.958374195,0.061339033,0.192669592,-0.172549782
hsa-miR-450a(2),185,0.37769219,0.088607595,0.314767932,0.15443038,0.222411091,0,0,0,0,0,0,0,0,0,-16.28803562,-15.92257979,0.977562928,0.03273852,0.878463459,0.020254397
hsa-miR-502(1),186,0.136890665,0.282700422,0.453164557,0.281012658,0,0,0,0,0,0,0,0,0,0,-12.78210651,-12.95999053,0.986274371,-0.01993905,0.416719769,0.107568617
hsa-miR-16(2),187,0.304765224,0.33164557,0.1907173,0.220253165,0.089262583,0,0,0,0,0,0,0,0,0,-9.287760489,-8.678465665,0.93439809,0.097890769,0.256895651,-0.150170049
hsa-miR-374b(1),188,0.306952801,0.220253165,0.25907173,0.23628692,0.089262583,0,0,0,0,0,0,0,0,0,-11.25683053,-11.11385259,0.987298562,0.01844167,0.916747991,0.013845465
hsa-miR-23b(1),189,0.166569089,0.238818565,0.1907173,0.514767932,0,0,0,0,0,0,0,0,0,0,-8.402983559,-8.208998804,0.976914776,0.033695384,0.646716733,-0.060707041
hsa-let-7i(1),190,0.406675698,0.187341772,0.147679325,0.244725738,0.083270834,0.037246964,0,0,0,0,0,0,0,0,-6.582168291,-6.558710853,0.996436214,0.005150639,0.51484745,-0.0862679
hsa-miR-15a(1),191,0.232258691,0.254008439,0.136708861,0.453164557,0,0,0,0,0,0,0,0,0,0,-10.30211913,-9.97748861,0.968488957,0.046192497,0.557216056,-0.077747614
hsa-miR-383(1),192,0.322031043,0.383122363,0.187341772,0.064135021,0.102002984,0,0,0,0,0,0,0,0,0,-19.58893487,-19.93156857,0.982809496,-0.025016297,0.733061567,-0.045173946
hsa-miR-532-5p(1),193,0.206626483,0.230379747,0.297046414,0.237974684,0.085515841,0,0,0,0,0,0,0,0,0,-11.0429662,-11.13154879,0.992042205,-0.011526596,0.81561816,0.030886038
hsa-miR-551b(1),194,0.28726381,0.34092827,0.210970464,0.134177215,0.083270834,0,0,0,0,0,0,0,0,0,-15.64646994,-14.97737226,0.957236509,0.063052673,0.263263414,-0.148176903
hsa-miR-186(1),195,0.305924541,0.15021097,0.155274262,0.161181435,0.276781408,0,0,0,0,0,0,0,0,0,-9.998707201,-9.836714967,0.983798682,0.023564972,0.623786154,-0.064967184
hsa-miR-425(1),196,0.303700319,0.284388186,0.161181435,0.285232068,0,0,0,0,0,0,0,0,0,0,-11.33056327,-11.14897326,0.983973434,0.023308729,0.330582067,-0.128869333
hsa-miR-27b(1),197,0.336928629,0.161181435,0.107172996,0.359493671,0,0.037246964,0,0,0,0,0,0,0,0,-6.273124094,-6.300714473,0.995621071,-0.006331331,0.601214456,-0.069227327
hsa-miR-15b(1),198,0.241277979,0.219409283,0.29535865,0.155274262,0.089262583,0,0,0,0,0,0,0,0,0,-11.87866199,-12.22039032,0.972036218,-0.040918026,0.828128241,0.028755967
hsa-miR-339-5p(1),199,0.199417364,0.349367089,0.160337553,0.189873418,0.089262583,0,0,0,0,0,0,0,0,0,-10.43056385,-10.13567989,0.971728857,0.041374282,0.201075229,-0.169340693
hsa-miR-95(1),200,0.231556086,0.291983122,0.193248945,0.270886076,0,0,0,0,0,0,0,0,0,0,-11.33607048,-11.02429932,0.972497421,0.04023367,0.346818253,-0.124609189
hsa-miR-320(1),201,0.266427544,0.191561181,0.405907173,0.035443038,0.085515841,0,0,0,0,0,0,0,0,0,-7.949022369,-8.49444957,0.935790165,-0.095743028,0.51484745,0.0862679
hsa-let-7g(1),202,0.288395457,0.280168776,0.205907173,0.208438819,0,0,0,0,0,0,0,0,0,0,-7.888065528,-7.777722392,0.986011382,0.020323795,0.658310898,-0.058576969
hsa-miR-7(3),203,0.230476246,0.24556962,0.192405063,0.210970464,0.085515841,0,0,0,0,0,0,0,0,0,-5.261659816,-5.257511119,0.999211523,0.00113798,0.790741504,-0.035146182
hsa-miR-374a(1),204,0.187210365,0.247257384,0.113080169,0.185654008,0.207793001,0,0,0,0,0,0,0,0,0,-10.35941194,-10.21268469,0.985836334,0.020579941,0.416719769,-0.107568617
hsa-miR-146a(1),205,0.202861501,0.227004219,0.105485232,0.12742616,0.27473866,0,0,0,0,0,0,0,0,0,-12.0579014,-11.37372199,0.943258832,0.084274392,0.426006719,-0.105438545
hsa-miR-324-3p(1),206,0.279347706,0.17721519,0.400843882,0.075105485,0,0,0,0,0,0,0,0,0,0,-11.61951783,-11.69981938,0.993136514,-0.009936054,0.590068651,0.071357399
hsa-miR-106b(1),207,0.271791564,0.276793249,0.123206751,0.151898734,0.102002984,0,0,0,0,0,0,0,0,0,-9.22949221,-9.163618371,0.99286268,0.010333898,0.330582067,-0.128869333
hsa-miR-101(2),208,0.267856048,0.157805907,0.194936709,0.094514768,0.172533417,0,0.016788922,0,0.017217854,0,0,0,0,0,-6.192427314,-6.408964603,0.966213374,-0.049586272,0.601214456,-0.069227327
hsa-miR-454(1),209,0.173071392,0.291139241,0.165400844,0.203375527,0.083270834,0,0,0,0,0,0,0,0,0,-13.76274647,-13.86547938,0.992590742,-0.010729096,0.307001098,-0.135305599
hsa-let-7c(1),210,0.091020145,0.181434599,0.250632911,0.384810127,0,0,0,0,0,0,0,0,0,0,-9.528677914,-9.463585074,0.993168744,0.009889236,0.903997841,-0.015975537
hsa-miR-33b(1),211,0.190874074,0.28185654,0.138396624,0.195780591,0.089262583,0,0,0,0,0,0,0,0,0,-14.24525573,-12.47351473,0.87562589,0.191613483,0.307165761,-0.135259548
hsa-miR-497(1),212,0.250832553,0.113924051,0.198312236,0.202531646,0.118325429,0,0,0,0,0,0,0,0,0,-9.511603516,-9.41395626,0.989733881,0.014887429,0.891272397,-0.018105609
hsa-miR-324-5p(1),213,0.250062861,0.149367089,0.173839662,0.299578059,0.003531146,0,0,0,0,0,0,0,0,0,-11.00382768,-11.1056812,0.990828701,-0.013292436,0.853276558,-0.024495824
hsa-miR-642-5p(1),214,0.175013157,0.199156118,0.371308017,0.024472574,0.085515841,0,0,0,0,0,0,0,0,0,-14.42864403,-14.72601966,0.97980611,-0.029431807,0.61243129,0.067101605
hsa-miR-140(1),215,0.234398344,0.174683544,0.194936709,0.247257384,0,0,0,0,0,0,0,0,0,0,-9.480139714,-9.440885131,0.995859282,0.005986195,0.75383024,-0.041536396
hsa-miR-483-3p(1),216,0.160221567,0.346835443,0.173839662,0.16371308,0,0,0,0,0,0,0,0,0,0,-19.15341518,-19.41555342,0.986498544,-0.019611174,0.669060796,-0.056615462
hsa-miR-708(1),217,0.07246707,0.096202532,0.205063291,0.450632911,0,0,0,0,0,0,0,0,0,0,-13.02533918,-12.50337592,0.959927089,0.059003264,0.717473108,-0.047926611
hsa-miR-214-3p(1),218,0.236677537,0.251476793,0.118987342,0.129113924,0.083270834,0,0,0,0,0,0,0,0,0,-13.61857948,-13.27222908,0.974567803,0.037165534,0.372021697,-0.118240052
hsa-let-7f(2),219,0.138131165,0.326582278,0.195780591,0.135021097,0,0.018623482,0,0,0,0,0,0,0,0,-6.914574453,-6.743142762,0.975207196,0.036219324,0.263704834,-0.148039977
hsa-let-7e(1),220,0.259398556,0.221940928,0.135864979,0.188185654,0,0,0,0,0,0,0,0,0,0,-9.167795163,-9.116653705,0.994421619,0.008070434,0.601214456,-0.069227327
hsa-miR-33a(1),221,0.277232813,0.114767932,0.199156118,0.125738397,0.083270834,0,0,0,0,0,0,0,0,0,-11.39270067,-11.1023025,0.974510155,0.037250876,0.741645845,-0.043666468
hsa-miR-362-5p(1),222,0.233912254,0.231223629,0.145147679,0.100421941,0.089262583,0,0,0,0,0,0,0,0,0,-13.56710239,-13.38931052,0.986895369,0.019030957,0.444931272,-0.101180041
hsa-miR-144(1),223,0.190964151,0.076793249,0.216877637,0.043037975,0.26874691,0,0,0,0,0,0,0,0,0,-12.91871431,-13.08833842,0.987040058,-0.018819459,0.891268895,-0.018106196
hsa-miR-223(1),224,0.187799024,0.332489451,0.188185654,0.062447257,0,0.0184,0,0,0,0,0,0,0,0,-13.07993988,-12.68726182,0.969978604,0.043975171,0.24360763,-0.154442706
hsa-miR-199a-3p(3),225,0.207277976,0.160337553,0.130801688,0.26835443,0,0,0,0,0,0,0,0,0,0,-7.767237192,-7.865932984,0.987452755,-0.018216372,0.705490271,-0.050056683
hsa-miR-214-5p(1),226,0.147682286,0.10464135,0.22278481,0.132489451,0.083270834,0.073333333,0,0,0,0,0,0,0,0,-13.11078631,-13.60603824,0.963600578,-0.053492836,0.916745302,-0.013845914
hsa-miR-210(1),227,0.200481881,0.106329114,0.248101266,0.207594937,0,0,0,0,0,0,0,0,0,0,-11.29958008,-11.38277363,0.992691276,-0.010582981,0.993584404,-0.001065036
hsa-miR-125a(1),228,0.206106958,0.282700422,0.151898734,0.033755274,0,0,0.034203567,0,0.035077418,0,0,0,0,0,-6.581980679,-6.299088128,0.957020149,0.063378796,0.307165761,-0.135259548
hsa-miR-29a(1),229,0.360226294,0.183966245,0.096202532,0.100421941,0,0,0,0,0,0,0,0,0,0,-6.36177438,-6.285382619,0.987992067,0.017428637,0.535820848,-0.082007757
hsa-miR-146b(1),230,0.260889893,0.237974684,0.144303797,0.075949367,9.10E-17,0.0184,0,0,0,0,0,0,0,0,-11.30074097,-11.08842952,0.981212608,0.027362324,0.444938649,-0.101178402
hsa-miR-124(3),231,0.132267067,0.238818565,0.258227848,0.06835443,0,0.037246964,0,0,0,0,0,0,0,0,-19.28453024,-20.12091982,0.958431842,-0.061252255,0.928389168,0.011903798
hsa-miR-671-5p(1),232,0.2510514,0.15021097,0.172995781,0.032911392,0.083473092,0,0,0,0,0,0,0,0,0,-14.274175,-14.40800661,0.990711302,-0.013463384,0.796906371,-0.034087222
hsa-miR-1307-3p(1),233,0.099149367,0.13164557,0.344303797,0.021097046,0.083270834,0,0,0,0,0,0,0,0,0,-10.99095507,-11.32610757,0.970408854,-0.043335381,0.68174503,0.054316826
hsa-miR-574-3p(1),234,0.134805681,0.232911392,0.130801688,0.172995781,0,0,0,0,0,0,0,0,0,0,-12.05271084,-11.65654289,0.967130386,0.048217691,0.380784361,-0.116088903
hsa-miR-130a(1),235,0.123438124,0.128270042,0.280168776,0.091139241,0,0,0,0,0,0,0,0,0,0,-11.5839518,-11.7111322,0.989140214,-0.015753053,0.929519592,0.011715394
hsa-miR-195(1),236,0.197238829,0.166244726,0.056540084,0.123206751,0,0,0,0,0,0,0,0,0,0,-11.89143277,-11.78694091,0.991212845,0.012733211,0.568067482,-0.075617542
hsa-miR-423-5p(1),237,0.229787284,0.164556962,0.102109705,0.025316456,0,0,0,0,0,0,0,0,0,0,-11.70537208,-11.30831988,0.96607949,0.049786195,0.601214456,-0.069227327
hsa-miR-135a(2),238,0.063129831,0.168776371,0.133333333,0.079324895,0,0,0,0,0,0,0,0,0,0,-13.20680119,-12.33755008,0.934181556,0.098225133,0.658259034,-0.058586464